0,0,0,0,0,0,0,0,0,0,0,0,0,0,0,0,0,0,0,0,0,0,0,0,0,0,0,0,0,0,0,0,0,0,0,0,0,0,0,0,0,0,0,0,0,0,0,0,0,0,0,0,0,0,0,0,0,0,0,0,0,0,0,0,0,0,0,0,0,0,0,0,0,0,0,0,0,0,0,0,0,0,0,0,0,0,0,0,0,0,0,0,0,0,0,0,0,0,0,0,0,0,0,0,0,0,0,0,0,0,0,0,0,0,0,0,0,0,0,0,0,0,0,0,0,0,0,0,0,0,0,0,0,0,0,0,0,0,0,0,0,0,0,0,0,0,0,0,0,0,0,0,0,0,0,0,0,0,0,0,0,0,0,0,0,0,0,0,0,0,0,0,0,0,0,0,0,0,0,0,0,0,0,0,0,0,0,0,0,0,0,0,0,0,0,0,0,0,0,0,0,0,0,0,0,0,0,0,0,0,0,0,0,0,0,0,0,0,0,0,0,0,0,0,0,0,0,0,0,0,0,0,0,0,0,0,0,0,0,0,0,0,0,0,0,0,0,0,0,0
0,0,0,0,0,0,0,0,0,0,0,0,0,0,0,0,0,0,0,0,0,0,0,0,0,0,0,0,0,0,0,0,0,0,0,0,0,0,0,0,0,0,0,0,0,0,0,0,0,0,0,0,0,0,0,0,0,0,0,0,0,0,0,0,0,0,0,0,0,0,0,0,0,0,0,0,0,0,0,0,0,0,0,0,0,0,0,0,0,0,0,0,0,0,0,0,0,0,0,0,0,0,0,0,0,0,0,0,0,0,0,0,0,0,0,0,0,0,0,0,0,0,0,0,0,0,0,0,0,0,0,0,0,0,0,0,0,0,0,0,0,0,0,0,0,0,0,0,0,0,0,0,0,0,0,0,0,0,0,0,0,0,0,0,0,0,0,0,0,0,0,0,0,0,0,0,0,0,0,0,4.109e-09,2.6794e-08,1.3607e-07,5.464e-07,1.7113e-06,4.2488e-06,8.5057e-06,1.4125e-05,2.0206e-05,2.5707e-05,2.9269e-05,2.9448e-05,2.6685e-05,2.4885e-05,2.911e-05,4.0443e-05,5.3328e-05,5.9207e-05,5.3985e-05,4.1768e-05,3.0832e-05,2.6755e-05,2.9882e-05,3.7753e-05,4.7872e-05,5.8421e-05,6.8062e-05,7.5875e-05,8.0986e-05,8.2216e-05,7.8844e-05,7.1609e-05,6.2063e-05,5.1224e-05,3.999e-05,3.0466e-05,2.5251e-05,2.4723e-05,2.596e-05,2.5421e-05,2.2383e-05,1.8866e-05,1.6448e-05,1.4445e-05,1.1484e-05,7.5922e-06,4.0075e-06,1.6618e-06,5.3818e-07,1.3607e-07,2.6794e-08,4.109e-09,0,0,0,0,0,0,0,0,0,0,0,0,0,0,0,0,0,0
0,0,0,0,0,0,0,0,0,0,0,0,0,0,0,0,0,0,0,0,0,0,0,0,0,0,0,0,0,0,0,0,0,0,0,0,0,0,0,0,0,0,0,0,0,0,0,0,0,0,0,0,0,0,0,0,0,0,0,0,0,0,0,0,0,0,0,0,0,0,0,0,0,0,0,0,0,0,0,0,0,0,0,0,0,0,0,0,0,0,0,0,0,0,0,0,0,0,0,0,0,0,0,0,0,0,0,0,0,0,0,0,0,0,0,0,0,0,0,1.1753e-08,7.6642e-08,4.0097e-07,1.616e-06,5.1544e-06,1.3079e-05,2.6847e-05,4.5786e-05,6.7463e-05,9.0109e-05,0.00011324,0.00013487,0.00014973,0.00015229,0.00014039,0.00011569,8.3098e-05,5.0399e-05,2.5079e-05,1.0038e-05,3.2556e-06,1.1912e-06,1.7693e-06,5.1544e-06,1.2914e-05,2.5992e-05,4.2294e-05,5.6287e-05,6.1839e-05,5.6287e-05,4.2294e-05,2.5992e-05,1.2914e-05,5.1309e-06,1.616e-06,4.0097e-07,7.6642e-08,1.1753e-08,0,0,1.2327e-08,8.0383e-08,4.0822e-07,1.6145e-06,4.9813e-06,1.1983e-05,2.2564e-05,3.3536e-05,4.0225e-05,4.1073e-05,3.9458e-05,3.9794e-05,4.339e-05,4.9654e-05,5.9523e-05,7.5295e-05,9.6946e-05,0.00012019,0.00013955,0.00015342,0.00016564,0.0001823,0.00020788,0.00024494,0.00029758,0.00037423,0.000485,0.00063154,0.00079801,0.00095638,0.0010804,0.0011475,0.0011415,0.0010826,0.0010531,0.001151,0.0013876,0.001637,0.001717,0.0015489,0.0012322,0.00095088,0.00082501,0.00086142,0.0010093,0.0012173,0.0014448,0.0016565,0.0018241,0.001923,0.001929,0.0018326,0.0016553,0.0014317,0.0011822,0.00092539,0.00070826,0.00058863,0.00057403,0.0005984,0.00058259,0.00051109,0.00042993,0.00037449,0.00032879,0.00026138,0.0001728,9.1211e-05,3.7823e-05,1.2249e-05,3.097e-06,6.0984e-07,9.3521e-08,0,0,0,0,0,0,0,0,0,0,0,0,0,0,0,0,0,0
0,0,0,0,0,0,0,0,0,0,0,0,0,0,0,0,0,0,0,0,0,0,0,0,0,0,0,0,0,0,0,0,0,0,0,0,0,0,0,0,0,0,0,0,0,0,0,0,0,0,0,0,0,0,0,0,0,0,0,0,0,0,0,0,0,0,0,0,0,0,0,0,0,0,0,0,0,0,0,0,0,0,0,0,0,0,0,0,0,0,0,0,0,0,0,0,0,0,0,0,0,0,0,0,0,0,1.1753e-08,7.6642e-08,3.8922e-07,1.5394e-06,4.7534e-06,1.1451e-05,2.164e-05,3.2459e-05,3.9778e-05,4.2318e-05,4.2666e-05,4.3161e-05,4.3335e-05,4.4215e-05,5.2816e-05,8.0823e-05,0.00014121,0.0002544,0.0004534,0.00076662,0.0011847,0.0016607,0.0021574,0.0026623,0.0031309,0.0034504,0.0035038,0.0032465,0.0027119,0.0019997,0.001276,0.00070931,0.00037017,0.00021398,0.0001564,0.00014862,0.00019886,0.00034984,0.00062811,0.00098712,0.0012986,0.0014199,0.0012891,0.0009674,0.00059575,0.00030132,0.00013223,6.4961e-05,5.2284e-05,5.7987e-05,6.4744e-05,6.9021e-05,7.507e-05,8.9e-05,0.00011549,0.00015866,0.00022805,0.00034695,0.00054541,0.00082282,0.00111,0.0013029,0.001364,0.0013656,0.001406,0.0015168,0.0016878,0.001943,0.0023376,0.0028733,0.0034499,0.0039334,0.0042783,0.00457,0.0049478,0.0055053,0.0062639,0.007212,0.0083184,0.0094991,0.010604,0.011446,0.011853,0.011775,0.011414,0.011141,0.011184,0.011395,0.011385,0.010854,0.0098147,0.0085538,0.0073987,0.006487,0.005725,0.0049596,0.004168,0.0034669,0.0029746,0.0027017,0.0025357,0.0023054,0.0019084,0.0014033,0.000949,0.00065128,0.00049742,0.0004228,0.00038639,0.0003685,0.00034195,0.000283,0.00019815,0.00011654,6.0205e-05,3.1115e-05,1.9545e-05,1.5055e-05,1.1577e-05,7.5922e-06,4.0075e-06,1.6618e-06,5.3818e-07,1.3607e-07,2.6794e-08,4.109e-09,0,0,0,0,0,0,0,0,0,0,0,0,0,0,0,0,0,0
0,0,0,0,0,0,0,0,0,0,0,0,0,0,0,0,0,0,0,0,0,0,0,0,0,0,0,0,0,0,0,0,0,0,0,0,0,0,0,0,0,0,0,0,0,0,0,0,0,0,0,0,0,0,0,0,0,0,0,0,0,0,0,0,0,0,0,0,0,0,0,0,0,0,0,0,0,0,0,0,0,0,0,0,0,0,0,0,0,0,0,0,0,0,0,0,0,0,0,0,0,0,0,0,0,0,2.7926e-07,1.821e-06,9.2596e-06,3.6653e-05,0.00011333,0.00027362,0.0005189,0.0007826,0.00096638,0.0010364,0.0010486,0.0010556,0.0010473,0.0010441,0.0011888,0.0016452,0.0023835,0.0031268,0.0035576,0.0035677,0.0032913,0.0029176,0.0025156,0.002051,0.0015417,0.0011382,0.0010394,0.0013413,0.0019411,0.0025726,0.0029975,0.0031843,0.0032415,0.0031968,0.0029599,0.0024917,0.0018941,0.0013298,0.0009163,0.00067719,0.00055098,0.00045518,0.0003553,0.00027583,0.00026509,0.0003638,0.00058939,0.00092123,0.0012909,0.0016045,0.0018072,0.0019391,0.0021208,0.0024806,0.0030901,0.0039359,0.0049229,0.0059232,0.0068552,0.0077281,0.0086132,0.0095545,0.010501,0.01135,0.012063,0.012695,0.013331,0.014034,0.014872,0.015886,0.016992,0.01796,0.018586,0.018846,0.018815,0.018489,0.017821,0.01694,0.016122,0.015486,0.014838,0.013917,0.012706,0.011427,0.010276,0.0092589,0.0082516,0.0071422,0.005902,0.0045915,0.0033489,0.0023294,0.0016028,0.0011177,0.00078182,0.00055311,0.00044369,0.00046063,0.00055832,0.00064363,0.00063292,0.00051237,0.00033939,0.00018603,8.8113e-05,4.0785e-05,2.2828e-05,1.7028e-05,1.5313e-05,1.4852e-05,1.3915e-05,1.1348e-05,7.5654e-06,4.0034e-06,1.6618e-06,5.3818e-07,1.3607e-07,2.6794e-08,4.109e-09,0,0,0,0,0,0,0,0,0,0,0,0,0,0,0,0,0,0,0,0,0,0,0,0,0
0,0,0,0,0,0,0,0,0,0,0,0,0,0,0,0,0,0,0,0,0,0,0,0,0,0,0,0,0,0,0,0,0,0,0,0,0,0,0,0,0,0,0,0,0,0,0,0,0,0,0,0,0,0,0,0,0,0,0,0,0,0,0,0,0,0,0,0,0,0,0,0,0,0,0,0,0,0,0,0,0,0,0,0,0,0,0,0,0,0,0,0,0,0,0,0,0,0,0,0,0,0,1.1753e-08,7.6642e-08,3.8922e-07,1.5394e-06,5.0209e-06,1.3196e-05,3.0766e-05,6.924e-05,0.00015684,0.00033805,0.00064341,0.0010419,0.0014351,0.0017149,0.0018192,0.0017308,0.0014633,0.0010766,0.00068243,0.00038862,0.00023285,0.00017861,0.00016638,0.00015798,0.00014474,0.00013435,0.00014262,0.00019617,0.00032818,0.00054119,0.00076368,0.00087566,0.00081141,0.000625,0.00043653,0.00033543,0.00034397,0.0004383,0.00057778,0.00073149,0.00090368,0.0011362,0.0014737,0.0019141,0.0023794,0.002748,0.0029655,0.0031648,0.0036206,0.0045017,0.0056687,0.0067661,0.0075215,0.0079596,0.0083682,0.0090594,0.010095,0.011238,0.012212,0.012985,0.013734,0.014572,0.015418,0.016122,0.016614,0.016851,0.016722,0.016171,0.015371,0.014648,0.014229,0.014173,0.014422,0.01476,0.014779,0.014159,0.012961,0.011542,0.010165,0.008823,0.0074202,0.0060071,0.0047685,0.0038503,0.0032428,0.0028091,0.0024018,0.001959,0.0015102,0.001109,0.00078181,0.00053027,0.0003479,0.00022336,0.00014156,8.9298e-05,5.6961e-05,3.6832e-05,2.3404e-05,1.4808e-05,1.1528e-05,1.3645e-05,1.8917e-05,2.3221e-05,2.3089e-05,1.8243e-05,1.1406e-05,5.6343e-06,2.1959e-06,6.7425e-07,1.6287e-07,3.0903e-08,4.109e-09,0,0,0,0,0,0,0,0,0,0,0,0,0,0,0,0,0,0,0,0,0,0,0,0,0,0,0,0,0,0,0,0,0,0,0
0,0,0,0,0,0,0,0,0,0,0,0,0,0,0,0,0,0,0,0,0,0,0,0,0,0,0,0,0,0,0,0,0,0,0,0,0,0,0,0,0,0,0,0,0,0,0,0,0,0,0,0,0,0,0,0,0,0,0,0,0,0,0,0,0,0,0,0,0,0,0,0,0,0,0,0,0,0,0,0,0,0,0,0,0,0,0,0,0,0,0,0,0,0,0,0,0,0,0,0,0,0,2.6751e-07,1.7444e-06,8.8586e-06,3.5037e-05,0.00010793,0.00025896,0.00048407,0.00070535,0.0008026,0.00071712,0.00051233,0.00031324,0.00020796,0.0002236,0.00035609,0.00057087,0.00077583,0.00084869,0.00073409,0.00049832,0.00026459,0.00010981,3.6002e-05,1.08e-05,7.0641e-06,1.447e-05,3.7661e-05,9.5312e-05,0.00021139,0.0003869,0.00057184,0.0006916,0.00072904,0.00076506,0.00091098,0.0012049,0.001578,0.0018995,0.0020569,0.0020396,0.0019718,0.002062,0.002514,0.003443,0.0047832,0.006244,0.0074269,0.0080813,0.0083021,0.0084823,0.0090323,0.010084,0.01144,0.01279,0.013941,0.014846,0.01548,0.015783,0.015753,0.015542,0.015372,0.015368,0.015449,0.015366,0.014901,0.014032,0.012869,0.011497,0.0099997,0.0085596,0.0073359,0.0062986,0.0053031,0.0042884,0.0033247,0.0025225,0.0019561,0.0016264,0.0014396,0.0012517,0.00098165,0.00066707,0.00039901,0.00022802,0.00014244,0.00010446,8.3426e-05,6.5282e-05,4.7538e-05,3.1823e-05,1.9376e-05,1.0471e-05,4.8447e-06,1.8556e-06,5.7319e-07,1.4018e-07,2.6794e-08,4.109e-09,0,0,0,0,0,0,0,0,0,0,0,0,0,0,0,0,0,0,0,0,0,0,0,0,0,0,0,0,0,0,0,0,0,0,0,0,0,0,0,0,0,0,0,0,0,0,0,0,0,0
0,0,0,0,0,0,0,0,0,0,0,0,0,0,0,0,0,0,0,0,0,0,0,0,0,0,0,0,0,0,0,0,0,0,0,0,0,0,0,0,0,0,0,0,0,0,0,0,0,0,0,0,0,0,0,0,0,0,0,0,0,0,0,0,0,0,0,0,0,0,0,0,0,0,0,0,0,0,0,0,0,0,0,0,0,0,0,0,0,0,0,0,0,0,0,0,0,0,0,0,0,4.109e-09,3.8548e-08,2.1271e-07,9.274e-07,3.1971e-06,8.7183e-06,1.8804e-05,3.206e-05,4.3262e-05,4.6456e-05,4.1458e-05,3.7553e-05,5.1151e-05,9.7335e-05,0.00017556,0.00025809,0.00030122,0.00028044,0.00021277,0.00013857,8.6789e-05,6.2028e-05,5.6878e-05,6.7767e-05,0.00010049,0.00016361,0.0002543,0.00035182,0.00043739,0.00052795,0.00067394,0.00090393,0.0011866,0.0014753,0.0017844,0.0021894,0.0027489,0.0034429,0.0041905,0.0049253,0.0056414,0.006355,0.0070695,0.0078537,0.0088953,0.010321,0.011958,0.0134,0.014322,0.014666,0.014571,0.014275,0.014042,0.014028,0.014168,0.014265,0.01418,0.013863,0.013251,0.012237,0.010832,0.0092948,0.0080058,0.0071552,0.0066035,0.0060657,0.005385,0.0045937,0.0037756,0.0029684,0.0022011,0.0015423,0.0010531,0.00072229,0.00048932,0.00031085,0.00018057,0.00010111,6.3141e-05,4.8351e-05,4.0171e-05,3.0425e-05,1.9142e-05,9.6687e-06,3.8618e-06,1.2124e-06,2.9894e-07,5.7698e-08,8.2181e-09,0,0,0,0,0,0,0,0,0,0,0,0,0,0,0,0,0,0,0,0,0,0,0,0,0,0,0,0,0,0,0,0,0,0,0,0,0,0,0,0,0,0,0,0,0,0,0,0,0,0,0,0,0,0,0,0,0,0,0,0
0,0,0,0,0,0,0,0,0,0,0,0,0,0,0,0,0,0,0,0,0,0,0,0,0,0,0,0,0,0,0,0,0,0,0,0,0,0,0,0,0,0,0,0,0,0,0,0,0,0,0,0,0,0,0,0,0,0,0,0,0,0,0,0,0,0,0,0,0,0,0,0,0,0,0,0,0,0,0,0,0,0,0,0,0,0,0,0,0,0,0,0,0,0,0,0,0,0,0,0,0,9.3521e-08,6.0984e-07,3.097e-06,1.2249e-05,3.7729e-05,9.0508e-05,0.00016909,0.00024605,0.00027892,0.00024659,0.00017091,9.5163e-05,4.7385e-05,2.9043e-05,2.8658e-05,3.8222e-05,6.1833e-05,0.00011928,0.00024008,0.00043849,0.00068651,0.00092523,0.0011204,0.0012982,0.0015065,0.0017418,0.0019432,0.0020832,0.0022403,0.0025234,0.0029394,0.0034054,0.0038953,0.0044857,0.005229,0.006058,0.0068698,0.0076326,0.0083481,0.008963,0.0094095,0.0097184,0.010026,0.010447,0.010968,0.011488,0.011916,0.012154,0.012036,0.011451,0.010542,0.0096444,0.0089591,0.0084096,0.0078404,0.0072408,0.0066985,0.0062246,0.0057191,0.005079,0.0042798,0.0033724,0.0024575,0.0016565,0.0010629,0.00070351,0.00053753,0.00048042,0.00044018,0.00036215,0.00025102,0.0001453,7.297e-05,3.492e-05,1.7521e-05,9.0474e-06,4.2948e-06,1.6968e-06,5.4229e-07,1.3607e-07,2.6794e-08,4.109e-09,0,0,0,0,0,0,0,0,0,0,0,0,0,0,0,0,0,0,0,0,0,0,0,0,0,0,0,0,0,0,0,0,0,0,0,0,0,0,0,0,0,0,0,0,0,0,0,0,0,0,0,0,0,0,0,0,0,0,0,0,0,0,0,0,0,0,0
0,0,0,0,0,0,0,0,0,0,0,0,0,0,0,0,0,0,0,0,0,0,0,0,0,0,0,0,0,0,0,0,0,0,0,0,0,0,0,0,0,0,0,0,0,0,0,0,0,0,0,0,0,0,0,0,0,0,0,0,0,0,0,0,0,0,0,0,0,0,0,0,0,0,0,0,0,0,0,0,0,0,0,0,0,0,0,0,0,0,0,0,0,0,0,0,0,0,0,0,0,8.2181e-09,5.3589e-08,2.7625e-07,1.1032e-06,3.4515e-06,8.4914e-06,1.6614e-05,2.6232e-05,3.5164e-05,4.534e-05,6.7271e-05,0.00011714,0.00020258,0.00030969,0.00041303,0.00050359,0.00059948,0.00072459,0.00088882,0.0010905,0.001323,0.0015707,0.001809,0.0020185,0.0021972,0.0023607,0.0025446,0.0028053,0.0032,0.0037603,0.0044815,0.0053158,0.0061549,0.0068468,0.007297,0.007578,0.0078765,0.0082811,0.0086697,0.0088687,0.0088789,0.0088698,0.0089767,0.0091656,0.0092905,0.009224,0.0089031,0.0082915,0.0073911,0.0063175,0.0052765,0.0044022,0.0036636,0.0029532,0.0022298,0.0015654,0.0010858,0.00087048,0.00089276,0.0010341,0.0011542,0.0011622,0.0010459,0.0008482,0.00062247,0.00040928,0.00023671,0.00011963,5.4432e-05,2.3914e-05,1.0647e-05,4.5906e-06,1.7512e-06,5.3818e-07,1.3607e-07,2.6794e-08,4.109e-09,0,0,0,0,0,0,0,0,0,0,0,0,0,0,0,0,0,0,0,0,0,0,0,0,0,0,0,0,0,0,0,0,0,0,0,0,0,0,0,0,0,0,0,0,0,0,0,0,0,0,0,0,0,0,0,0,0,0,0,0,0,0,0,0,0,0,0,0,0,0,0,0
0,0,0,0,0,0,0,0,0,0,0,0,0,0,0,0,0,0,0,0,0,0,0,0,0,0,0,0,0,0,0,0,0,0,0,0,0,0,0,0,0,0,0,0,0,0,0,0,0,0,0,0,0,0,0,0,0,0,0,0,0,0,0,0,0,0,0,0,0,0,0,0,0,0,0,0,0,0,0,0,0,0,0,0,0,0,0,0,0,0,0,0,0,0,0,0,0,0,0,0,4.109e-09,1.2442e-07,7.727e-07,3.8648e-06,1.5055e-05,4.6461e-05,0.00011417,0.00022519,0.0003604,0.00047499,0.00052629,0.0005094,0.00046843,0.00046918,0.00055318,0.00071596,0.00092463,0.0011434,0.0013405,0.0014879,0.0015708,0.0016033,0.0016311,0.0017152,0.0019237,0.0023434,0.0030536,0.0040348,0.0051134,0.0060637,0.0067973,0.0074024,0.0079627,0.0084031,0.0085789,0.0084467,0.0080671,0.0075007,0.0067961,0.0060719,0.0055343,0.0053417,0.0054395,0.005566,0.005439,0.0049383,0.0041364,0.0032102,0.0023351,0.0016237,0.0011126,0.00077706,0.00057137,0.00047157,0.00047136,0.00053741,0.00059225,0.00056286,0.00044231,0.00028848,0.00016466,9.3267e-05,6.0682e-05,4.5609e-05,3.5386e-05,2.5944e-05,1.7118e-05,9.7881e-06,4.6818e-06,1.8247e-06,5.6908e-07,1.4018e-07,2.6794e-08,4.109e-09,0,0,0,0,0,0,0,0,0,0,0,0,0,0,0,0,0,0,1.5054e-08,9.8167e-08,4.9853e-07,1.9717e-06,6.0884e-06,1.4667e-05,2.7718e-05,4.1575e-05,5.095e-05,5.4173e-05,5.4453e-05,5.4271e-05,5.1449e-05,4.3547e-05,3.3791e-05,2.9237e-05,3.3308e-05,4.1575e-05,4.5375e-05,3.9702e-05,2.7234e-05,1.4569e-05,6.0734e-06,1.9717e-06,4.9853e-07,9.8167e-08,1.5054e-08,0,0,0,0,0,0,0,0,0,0,0,0,0,0,0,0,0,0,0,0,0,0,0,0,0,0,0,0,0,0,0
0,0,0,0,0,0,0,0,0,0,0,0,0,0,0,0,0,0,0,0,0,0,0,0,0,0,0,0,0,0,0,0,0,0,0,0,0,0,0,0,0,0,0,0,0,0,0,0,0,0,0,0,0,0,0,0,0,0,0,0,0,0,0,0,0,0,0,0,0,0,0,0,0,0,0,0,0,0,0,0,0,0,0,0,0,0,0,0,0,4.109e-09,2.6794e-08,1.3607e-07,5.3818e-07,1.6577e-06,3.9766e-06,7.4293e-06,1.081e-05,1.2249e-05,1.081e-05,7.4293e-06,4.0702e-06,2.3693e-06,4.2986e-06,1.5758e-05,5.1112e-05,0.00013173,0.00026838,0.0004332,0.00055734,0.00058194,0.000524,0.00048038,0.00055862,0.00080193,0.0011675,0.0015583,0.0018709,0.0020267,0.0019932,0.0018168,0.0016377,0.00162,0.001827,0.0021742,0.0025158,0.0027658,0.0029391,0.0031005,0.0032805,0.0034339,0.0034912,0.0034531,0.0034068,0.0034432,0.0035677,0.0036799,0.0036275,0.0033161,0.0028039,0.0022814,0.0019327,0.0018045,0.0017939,0.0017416,0.001543,0.0012035,0.00081332,0.00047538,0.00024395,0.00011489,5.4287e-05,2.8715e-05,1.8094e-05,1.4466e-05,1.5694e-05,1.9954e-05,2.3605e-05,2.3195e-05,1.8266e-05,1.141e-05,5.6343e-06,2.1959e-06,6.7425e-07,1.6287e-07,3.0903e-08,4.109e-09,0,0,0,0,0,0,0,0,0,0,0,0,0,0,0,0,0,0,0,0,0,0,3.0109e-08,1.9633e-07,9.9707e-07,3.9435e-06,1.2489e-05,3.1373e-05,6.5785e-05,0.00012408,0.00022833,0.00041304,0.00068529,0.00097539,0.0011718,0.0012369,0.0012403,0.0012354,0.001171,0.00099113,0.00076908,0.00066543,0.00075808,0.00094625,0.0010327,0.00090361,0.00061985,0.0003316,0.00013823,4.4877e-05,1.1347e-05,2.2343e-06,3.4264e-07,0,0,0,0,0,0,0,0,0,0,0,0,0,0,0,0,0,0,0,0,0,0,0,0,0,0,0,0,0,0,0
0,0,0,0,0,0,0,0,0,0,0,0,0,0,0,0,0,0,0,0,0,0,0,0,0,0,0,0,0,0,0,0,0,0,0,0,0,0,0,0,0,0,0,0,0,0,0,0,0,0,0,0,0,0,0,0,0,0,0,0,0,0,0,0,0,0,0,0,0,0,0,0,0,0,0,0,0,0,0,0,0,0,0,0,0,0,0,0,0,9.3521e-08,6.0984e-07,3.097e-06,1.2249e-05,3.7729e-05,9.0508e-05,0.00016909,0.00024603,0.00027878,0.00024603,0.00016909,9.0516e-05,3.788e-05,1.3158e-05,7.4105e-06,1.6833e-05,4.8379e-05,0.00011447,0.0002199,0.00035564,0.00051728,0.00072812,0.0010155,0.0013503,0.0016469,0.0018549,0.0020209,0.0022174,0.0024367,0.0025946,0.0026234,0.0025289,0.0023732,0.0022346,0.0021953,0.0023359,0.0026963,0.0032157,0.0037238,0.0040233,0.0040096,0.0037244,0.0033032,0.0028815,0.0025419,0.0023015,0.0021094,0.0018771,0.001555,0.0011754,0.00081173,0.00051733,0.00030898,0.00017969,0.0001089,7.1179e-05,4.735e-05,2.9142e-05,1.5516e-05,6.8777e-06,2.4989e-06,7.3195e-07,1.7109e-07,3.0903e-08,4.109e-09,0,0,0,0,0,0,0,0,0,0,0,0,0,0,0,0,0,0,0,1.5054e-08,9.8167e-08,4.9853e-07,1.9717e-06,6.0734e-06,1.4569e-05,2.7234e-05,3.9702e-05,4.5375e-05,4.1575e-05,3.3292e-05,2.9139e-05,3.3292e-05,4.1575e-05,4.5375e-05,4.0387e-05,3.1703e-05,3.7263e-05,9.5827e-05,0.00027845,0.00066379,0.0012396,0.0018047,0.0020489,0.0018174,0.0012667,0.00070477,0.00032741,0.00014393,7.7146e-05,5.874e-05,5.2134e-05,4.3547e-05,3.3791e-05,2.9237e-05,3.3308e-05,4.1575e-05,4.5375e-05,3.9702e-05,2.7234e-05,1.4569e-05,6.0734e-06,1.9717e-06,4.9853e-07,9.8167e-08,1.5054e-08,0,0,0,0,0,0,0,0,0,0,0,0,0,0,0,0,0,0,0,0,0,0,0,0,0,0,0,0,0,0,0
0,0,0,0,0,0,0,0,0,0,0,0,0,0,0,0,0,0,0,0,0,0,0,0,0,0,0,0,0,0,0,0,0,0,0,0,0,0,0,0,0,0,0,0,0,0,0,0,0,0,0,0,0,0,0,0,0,0,0,0,0,0,0,0,0,0,0,0,0,0,0,0,0,0,0,0,0,0,0,0,0,0,0,0,0,0,0,0,4.109e-09,3.0903e-08,1.6287e-07,6.7425e-07,2.1959e-06,5.6384e-06,1.1433e-05,1.8375e-05,2.3601e-05,2.4743e-05,2.2356e-05,1.9404e-05,1.8362e-05,1.9745e-05,2.4427e-05,3.7356e-05,6.9449e-05,0.00013431,0.00023622,0.00036101,0.00048912,0.00062623,0.00080433,0.0010329,0.0012573,0.0013945,0.0014238,0.0014178,0.001471,0.001616,0.001819,0.0020213,0.0021769,0.0022879,0.0024127,0.0026031,0.0028191,0.0029354,0.0028538,0.0026014,0.0022976,0.0020383,0.0018533,0.0017667,0.0018143,0.0019505,0.0020063,0.0018278,0.0014305,0.00096574,0.00057182,0.00029944,0.00013748,5.4319e-05,1.8167e-05,5.0461e-06,1.183e-06,2.337e-07,2.6794e-08,4.109e-09,0,0,0,0,0,0,0,0,0,0,0,0,0,0,0,0,0,0,0,0,0,0,0,0,0,3.4264e-07,2.2343e-06,1.1347e-05,4.4877e-05,0.00013823,0.0003316,0.00061985,0.00090362,0.0010328,0.00094675,0.0007597,0.00066927,0.0007723,0.00097347,0.0010723,0.00094851,0.00065965,0.00035981,0.00015674,6.3097e-05,4.2457e-05,5.7171e-05,7.9648e-05,8.9768e-05,7.9207e-05,5.4438e-05,2.9139e-05,1.2147e-05,3.9435e-06,9.9707e-07,1.9633e-07,3.0109e-08,0,0,0,0,0,0,0,0,0,0,0,0,0,0,0,0,0,0,0,0,0,0,0,0,0,0,0,0,0,0,0,0,0,0,0,0,0,0,0,0,0,0,0,0,0
0,0,0,0,0,0,0,0,0,0,0,0,0,0,0,0,0,0,0,0,0,0,0,0,0,0,0,0,0,0,0,0,0,0,0,0,0,0,0,0,0,0,0,0,0,0,0,0,0,0,0,0,0,0,0,0,0,0,0,0,0,0,0,0,0,0,0,0,0,0,0,0,0,0,0,0,0,0,0,0,0,0,0,0,0,0,0,0,9.3521e-08,6.0984e-07,3.097e-06,1.2249e-05,3.7729e-05,9.0601e-05,0.0001697,0.00024912,0.00029113,0.00028436,0.00026279,0.00027255,0.00032532,0.00039785,0.00047328,0.00056531,0.00070077,0.00089296,0.0011314,0.0013812,0.0015917,0.0017165,0.0017328,0.0016399,0.0014507,0.0011993,0.00095542,0.00080759,0.00080995,0.00092846,0.0010565,0.0011097,0.0010949,0.0010672,0.001046,0.0010151,0.00098202,0.00098539,0.0010395,0.0011015,0.001104,0.0010063,0.00081534,0.00057999,0.00036629,0.0002183,0.00013608,9.2354e-05,6.3349e-05,4.0463e-05,2.3203e-05,1.1782e-05,5.1952e-06,1.9278e-06,5.8552e-07,1.4018e-07,2.6794e-08,4.109e-09,0,0,0,0,0,0,0,0,0,0,0,1.5054e-08,9.8167e-08,4.9853e-07,1.9717e-06,6.0734e-06,1.4569e-05,2.7219e-05,3.9604e-05,4.4877e-05,3.9604e-05,2.7219e-05,1.4569e-05,6.0734e-06,1.9717e-06,4.9853e-07,1.1322e-07,1.4333e-07,6.9487e-07,2.9688e-06,1.0017e-05,2.6716e-05,5.6358e-05,9.4057e-05,0.00012454,0.00013219,0.00012024,0.00012193,0.00019408,0.00038752,0.00069087,0.00098745,0.0011081,0.0009743,0.00067586,0.00037946,0.00018588,9.2224e-05,5.1547e-05,2.9567e-05,1.4927e-05,6.0734e-06,1.9717e-06,4.9853e-07,9.8167e-08,1.5054e-08,0,0,0,0,0,0,0,0,0,0,0,0,0,0,0,0,0,0,0,0,0,0,0,0,0,0,0,0,0,0,0,0,0,0,0,0,0,0,0,0,0,0,0,0,0,0,0,0
0,0,0,0,0,0,0,0,0,0,0,0,0,0,0,0,0,0,0,0,0,0,0,0,0,0,0,0,0,0,0,0,0,0,0,0,0,0,0,0,0,0,0,0,0,0,0,0,0,0,0,0,0,0,0,0,0,0,0,0,0,0,0,0,0,0,0,0,0,0,0,0,0,0,0,0,0,0,4.109e-09,2.6794e-08,1.3607e-07,5.3818e-07,1.6577e-06,3.9766e-06,7.4293e-06,1.081e-05,1.2249e-05,1.081e-05,7.4375e-06,4.0302e-06,1.9299e-06,1.6145e-06,3.4515e-06,7.9842e-06,1.489e-05,2.1755e-05,2.504e-05,2.3304e-05,1.8975e-05,1.6049e-05,1.659e-05,2.1275e-05,3.3851e-05,6.4829e-05,0.00012723,0.00022097,0.00031774,0.00037207,0.00036164,0.00031566,0.00029557,0.00034849,0.0004812,0.00067104,0.00089079,0.0011136,0.0012981,0.0013874,0.0013445,0.0011887,0.00098629,0.00080262,0.0006799,0.00065781,0.00077761,0.0010322,0.0013221,0.0014932,0.0014368,0.0011617,0.00078196,0.00043405,0.00019692,7.2454e-05,2.1489e-05,5.0927e-06,9.5975e-07,1.2442e-07,4.109e-09,0,0,0,0,0,0,0,0,0,0,0,0,0,0,0,0,0,0,3.4264e-07,2.2343e-06,1.1347e-05,4.4877e-05,0.00013823,0.0003316,0.0006195,0.00090137,0.0010214,0.00090139,0.00061962,0.00033221,0.0001408,5.342e-05,3.3961e-05,5.0439e-05,8.4311e-05,0.00012528,0.00018031,0.00029481,0.00055122,0.00099896,0.0015435,0.0019317,0.0019278,0.0015338,0.001,0.00062022,0.00054418,0.0007324,0.0010055,0.0011586,0.0011192,0.0010055,0.00098024,0.0010517,0.0010702,0.00091372,0.00062193,0.00033197,0.00013823,4.4877e-05,1.1347e-05,2.2343e-06,3.4264e-07,0,0,0,0,0,0,0,0,0,0,0,0,0,0,0,0,0,0,0,0,0,0,0,0,0,0,0,0,0,0,0,0,0,0,0,0,0,0,0,0,0,0,0,0,0,0,0,0
0,0,0,0,0,0,0,0,0,0,0,0,0,0,0,0,0,0,0,0,0,0,0,0,0,0,0,0,0,0,0,0,0,0,0,0,0,0,0,0,0,0,0,0,0,0,0,0,0,0,0,0,0,0,0,0,0,0,0,0,0,0,0,0,0,0,0,0,0,0,0,0,0,0,0,4.109e-09,2.6794e-08,1.3607e-07,6.317e-07,2.2675e-06,7.0736e-06,1.9678e-05,4.8539e-05,0.00010276,0.0001799,0.00025345,0.00028276,0.00024769,0.00016975,9.139e-05,4.1391e-05,2.616e-05,4.4803e-05,9.8547e-05,0.00017999,0.00025827,0.00028959,0.00025346,0.00017309,9.2399e-05,3.954e-05,1.8006e-05,2.373e-05,6.3314e-05,0.00015702,0.00032099,0.00053482,0.00072527,0.00080218,0.00073019,0.00056743,0.00042481,0.00038414,0.00044969,0.00056553,0.00066585,0.00070807,0.00067511,0.00057021,0.00042044,0.00027398,0.00017933,0.0001612,0.00020939,0.00028144,0.00032265,0.00030207,0.00023257,0.00015162,8.7007e-05,4.5213e-05,2.1214e-05,8.7122e-06,3.0172e-06,8.4534e-07,1.9377e-07,3.5012e-08,4.109e-09,0,0,0,0,0,0,0,0,0,0,0,0,0,0,0,0,0,0,0,1.5054e-08,9.8167e-08,4.9853e-07,1.9717e-06,6.0734e-06,1.4569e-05,2.7219e-05,3.9604e-05,4.4877e-05,3.9946e-05,2.9796e-05,2.8493e-05,6.4531e-05,0.00019642,0.0005152,0.0010894,0.0018526,0.0025429,0.0028266,0.0025504,0.0018736,0.0011331,0.00058761,0.00029396,0.00017299,0.00013417,0.00014216,0.00021946,0.00040866,0.00070346,0.00099302,0.0011099,0.00097478,0.00067596,0.00037947,0.00018588,9.2224e-05,5.1547e-05,2.9567e-05,1.4927e-05,6.0734e-06,1.9717e-06,4.9853e-07,9.8167e-08,1.5054e-08,0,0,0,0,0,0,0,0,0,0,0,0,0,0,0,0,0,0,0,0,0,0,0,0,0,0,0,0,0,0,0,0,0,0,0,0,0,0,0,0,0,0,0,0,0,0,0,0
0,0,0,0,0,0,0,0,0,0,0,0,0,0,0,0,0,0,0,0,0,0,0,0,0,0,0,0,0,0,0,0,0,0,0,0,0,0,0,0,0,0,0,0,0,0,0,0,0,0,0,0,0,0,0,0,0,0,0,0,0,0,0,0,0,0,0,0,0,0,0,0,0,0,0,9.3521e-08,6.0984e-07,3.097e-06,1.2253e-05,3.7756e-05,9.0644e-05,0.00016963,0.00024768,0.00028276,0.00025345,0.0001799,0.00010276,4.8632e-05,2.0292e-05,1.0197e-05,1.4653e-05,3.8899e-05,9.2302e-05,0.00017309,0.00025346,0.00028959,0.00025827,0.00017999,9.8547e-05,4.4807e-05,2.628e-05,4.2141e-05,9.5052e-05,0.0001838,0.00028996,0.00038261,0.00043862,0.00045092,0.00042137,0.00036516,0.00032039,0.00032847,0.00040137,0.00052029,0.00065848,0.00078366,0.00084659,0.00080208,0.00065074,0.00044566,0.00025506,0.00012184,5.1355e-05,2.5439e-05,2.1663e-05,2.3695e-05,2.3156e-05,1.8239e-05,1.1406e-05,5.6343e-06,2.1959e-06,6.7425e-07,1.6287e-07,3.0903e-08,4.109e-09,0,0,0,0,0,0,0,0,0,0,0,0,0,0,0,0,0,0,0,0,0,0,1.5054e-08,9.8167e-08,4.9853e-07,1.9717e-06,6.0734e-06,1.4569e-05,2.7219e-05,3.9619e-05,4.5005e-05,4.0313e-05,3.0301e-05,2.5198e-05,3.5373e-05,6.6971e-05,0.00011765,0.00017402,0.00021685,0.00023279,0.00022117,0.00019082,0.00015831,0.00015333,0.00022279,0.00041134,0.00071172,0.0010285,0.0012343,0.0012933,0.0012869,0.0012767,0.0012058,0.0009932,0.00067097,0.00036115,0.00015316,5.095e-05,1.3318e-05,2.7328e-06,4.408e-07,1.5054e-08,0,0,0,0,0,0,0,0,0,0,0,0,0,0,0,0,0,0,0,0,0,0,0,0,0,0,0,0,0,0,0,0,0,0,0,0,0,0,0,0,0,0,0,0,0,0,0,0,0,0,0,0,0
0,0,0,0,0,0,0,0,0,0,0,0,0,0,0,0,0,0,0,0,0,0,0,0,0,0,0,0,0,0,0,0,0,0,0,0,0,0,0,0,0,0,0,0,0,0,0,0,0,0,0,0,0,0,0,0,0,0,0,0,0,0,0,0,0,0,0,0,0,0,0,0,0,0,0,4.109e-09,2.6794e-08,1.3607e-07,5.3818e-07,1.6577e-06,3.9766e-06,7.4293e-06,1.081e-05,1.2249e-05,1.081e-05,7.4293e-06,3.9766e-06,1.6618e-06,5.6497e-07,2.7215e-07,5.6497e-07,1.6618e-06,3.9766e-06,7.4293e-06,1.081e-05,1.2249e-05,1.0814e-05,7.4602e-06,4.1395e-06,2.332e-06,2.7382e-06,5.7972e-06,1.1569e-05,1.8875e-05,2.542e-05,3.0746e-05,4.1041e-05,7.233e-05,0.00014667,0.00027432,0.0004275,0.00053762,0.0005413,0.00043806,0.00029104,0.00016872,9.6696e-05,6.1681e-05,4.2256e-05,2.7641e-05,1.7939e-05,1.8964e-05,4.0197e-05,9.1236e-05,0.00016926,0.00024606,0.00027879,0.00024603,0.00016909,9.0508e-05,3.7729e-05,1.2249e-05,3.097e-06,6.0984e-07,9.3521e-08,0,0,0,0,0,0,0,0,0,0,0,0,0,0,0,0,0,0,0,0,0,0,3.4264e-07,2.2343e-06,1.1347e-05,4.4877e-05,0.00013823,0.0003316,0.0006195,0.00090173,0.0010244,0.00091778,0.00068954,0.00056762,0.00076727,0.0013716,0.00223,0.0029562,0.0031695,0.002829,0.0022582,0.0017979,0.0015404,0.0014283,0.0014485,0.0016114,0.0018221,0.0018953,0.0017052,0.0012899,0.00081261,0.00043066,0.00020053,8.8686e-05,3.9407e-05,1.6902e-05,6.4311e-06,1.9717e-06,4.9853e-07,9.8167e-08,1.5054e-08,0,0,0,0,0,0,0,0,0,0,0,0,0,0,0,0,0,0,0,0,0,0,0,0,0,0,0,0,0,0,0,0,0,0,0,0,0,0,0,0,0,0,0,0,0,0,0,0,0,0,0,0,0,0
0,0,0,0,0,0,0,0,0,0,0,0,0,0,0,0,0,0,0,0,0,0,0,0,0,0,0,0,0,0,0,0,0,0,0,0,0,0,0,0,0,0,0,0,0,0,0,0,0,0,0,0,0,0,0,0,0,0,0,0,0,0,0,0,0,0,0,0,0,0,0,0,0,0,0,0,0,0,0,0,0,0,0,0,0,0,0,0,0,0,0,0,0,0,0,0,9.3521e-08,6.0984e-07,3.097e-06,1.2249e-05,3.7729e-05,9.0508e-05,0.00016909,0.00024603,0.00027881,0.00024619,0.00016976,9.2704e-05,4.3364e-05,2.3748e-05,2.1946e-05,2.6765e-05,3.5401e-05,5.5968e-05,0.00010191,0.00017473,0.00024822,0.00027946,0.00024619,0.00016915,9.0648e-05,3.8267e-05,1.3907e-05,7.0736e-06,8.0392e-06,1.0903e-05,1.2249e-05,1.081e-05,7.4293e-06,3.9766e-06,1.6577e-06,5.3818e-07,1.3607e-07,2.6794e-08,4.109e-09,0,0,0,0,0,0,0,0,0,0,0,0,0,0,0,0,0,0,0,0,1.5054e-08,9.8167e-08,5.1359e-07,2.085e-06,6.6701e-06,1.704e-05,3.5279e-05,6.0359e-05,8.7262e-05,0.00010925,0.00012246,0.00013407,0.00017437,0.00030568,0.00060825,0.0011151,0.0017142,0.0021422,0.0021687,0.0018279,0.0014091,0.0011814,0.0011562,0.0011402,0.00097706,0.00069113,0.00041015,0.00021941,0.00011747,6.5618e-05,3.5542e-05,1.6884e-05,6.5719e-06,2.0699e-06,5.1359e-07,9.8167e-08,1.5054e-08,0,0,0,0,0,0,0,0,0,0,0,0,0,0,0,0,0,0,0,0,0,0,0,0,0,0,0,0,0,0,0,0,0,0,0,0,0,0,0,0,0,0,0,0,0,0,0,0,0,0,0,0,0,0,0,0,0,0
0,0,0,0,0,0,0,0,0,0,0,0,0,0,0,0,0,0,0,0,0,0,0,0,0,0,0,0,0,0,0,0,0,0,0,0,0,0,0,0,0,0,0,0,0,0,0,0,0,0,0,0,0,0,0,0,0,0,0,0,0,0,0,0,0,0,0,0,0,0,0,0,0,0,0,0,0,0,0,0,0,0,0,0,0,0,0,0,0,0,0,0,0,0,0,0,4.109e-09,2.6794e-08,1.3607e-07,5.3818e-07,1.6577e-06,3.9766e-06,7.4293e-06,1.081e-05,1.2249e-05,1.081e-05,7.4293e-06,3.9766e-06,1.6577e-06,5.4229e-07,1.6287e-07,1.6287e-07,5.4229e-07,1.6577e-06,3.9766e-06,7.4293e-06,1.081e-05,1.2249e-05,1.081e-05,7.4293e-06,3.9766e-06,1.6577e-06,5.3818e-07,1.3607e-07,2.6794e-08,4.109e-09,0,0,0,0,0,0,0,0,0,0,0,0,0,0,0,0,0,0,0,0,0,0,0,0,0,0,1.5054e-08,1.1322e-07,5.967e-07,2.8129e-06,1.0294e-05,3.2103e-05,8.7604e-05,0.00020976,0.00043548,0.00076994,0.0011513,0.0014772,0.0016884,0.001812,0.0019241,0.0020926,0.0023184,0.0024995,0.0025059,0.0023126,0.0019946,0.0016091,0.0011728,0.00073826,0.00039503,0.00018895,9.2664e-05,5.1562e-05,2.9567e-05,1.4927e-05,6.0734e-06,1.9717e-06,4.9853e-07,9.8167e-08,1.5054e-08,0,0,0,0,0,0,0,0,0,0,0,0,0,0,0,0,0,0,0,0,0,0,0,0,0,0,0,0,0,0,0,0,0,0,0,0,0,0,0,0,0,0,0,0,0,0,0,0,0,0,0,0,0,0,0,0,0,0,0,0,0,0,0
0,0,0,0,0,0,0,0,0,0,0,0,0,0,0,0,0,0,0,0,0,0,0,0,0,0,0,0,0,0,0,0,0,0,0,0,0,0,0,0,0,0,0,0,0,0,0,0,0,0,0,0,0,0,0,0,0,0,0,0,0,0,0,0,0,0,0,0,0,0,0,0,0,0,4.109e-09,2.6794e-08,1.3607e-07,5.3818e-07,1.6577e-06,3.9766e-06,7.4293e-06,1.081e-05,1.2249e-05,1.081e-05,7.4293e-06,3.9766e-06,1.6577e-06,5.3818e-07,1.4018e-07,5.3589e-08,1.4018e-07,5.3818e-07,1.6577e-06,3.9766e-06,7.4293e-06,1.081e-05,1.2249e-05,1.081e-05,7.4293e-06,3.9766e-06,1.6577e-06,5.3818e-07,1.3607e-07,2.6794e-08,4.109e-09,0,0,0,0,0,0,0,0,0,0,0,0,0,0,0,0,0,0,0,0,0,0,0,0,0,0,0,0,0,0,0,0,0,0,0,1.5054e-08,9.8167e-08,4.9853e-07,1.9717e-06,6.0734e-06,1.4569e-05,2.7219e-05,3.9604e-05,4.4877e-05,3.9604e-05,2.7219e-05,1.4569e-05,6.4311e-06,4.6468e-06,1.4578e-05,5.8308e-05,0.00018964,0.00048747,0.00099389,0.0016229,0.0021663,0.0024642,0.0025585,0.0025989,0.0026269,0.002565,0.002391,0.0021922,0.0020442,0.001933,0.0017907,0.0015503,0.0011948,0.00078786,0.00043425,0.00019838,7.5151e-05,2.3637e-05,6.1928e-06,1.3397e-06,1.9633e-07,3.0109e-08,0,0,0,0,0,0,0,0,0,0,0,0,0,0,0,0,0,0,0,0,0,0,0,0,0,0,0,0,0,0,0,0,0,0,0,0,0,0,0,0,0,0,0,0,0,0,0,0,0,0,0,0,0,0,0,0,0,0,0,0,0,0,0,0,0,0,0,0
0,0,0,0,0,0,0,0,0,0,0,0,0,0,0,0,0,0,0,0,0,0,0,0,0,0,0,0,0,0,0,0,0,0,0,0,0,0,0,0,0,0,0,0,0,0,0,0,0,0,0,0,0,0,0,0,0,0,0,0,0,0,0,0,0,0,0,0,0,0,0,0,0,0,9.3521e-08,6.0984e-07,3.097e-06,1.2249e-05,3.7729e-05,9.0508e-05,0.00016909,0.00024603,0.00027878,0.00024603,0.00016909,9.0508e-05,3.7729e-05,1.2249e-05,3.1905e-06,1.2197e-06,3.1905e-06,1.2249e-05,3.7729e-05,9.0508e-05,0.00016909,0.00024603,0.00027878,0.00024603,0.00016909,9.0508e-05,3.7729e-05,1.2249e-05,3.097e-06,6.0984e-07,9.3521e-08,0,0,0,0,0,0,0,0,0,0,0,0,0,0,0,0,0,0,0,0,0,0,0,0,0,0,0,0,0,0,0,0,0,0,0,3.4264e-07,2.2343e-06,1.1347e-05,4.4877e-05,0.00013823,0.0003316,0.0006195,0.00090137,0.0010214,0.00090137,0.0006195,0.0003316,0.00013859,4.7239e-05,2.3388e-05,5.0125e-05,0.0001489,0.00035992,0.00068237,0.0010164,0.0011995,0.0011453,0.00093687,0.00076694,0.00081033,0.0011511,0.0017496,0.0024209,0.0028825,0.0029231,0.0025793,0.0021047,0.0017155,0.0014125,0.0010881,0.0007209,0.00039224,0.00017271,6.1516e-05,1.7934e-05,4.3042e-06,8.5623e-07,9.8167e-08,1.5054e-08,0,0,0,0,0,0,0,0,0,0,0,0,0,0,0,0,0,0,0,0,0,0,0,0,0,0,0,0,0,0,0,0,0,0,0,0,0,0,0,0,0,0,0,0,0,0,0,0,0,0,0,0,0,0,0,0,0,0,0,0,0,0,0,0,0,0
0,0,0,0,0,0,0,0,0,0,0,0,0,0,0,0,0,0,0,0,0,0,0,0,0,0,0,0,0,0,0,0,0,0,0,0,0,0,0,0,0,0,0,0,0,0,0,0,0,0,0,0,0,0,0,0,0,0,0,0,0,0,0,0,0,0,0,0,0,0,0,0,0,0,4.109e-09,2.6794e-08,1.3607e-07,5.4229e-07,1.6845e-06,4.1127e-06,7.9675e-06,1.2467e-05,1.6226e-05,1.8239e-05,1.8239e-05,1.6226e-05,1.2467e-05,7.9716e-06,4.1436e-06,1.8474e-06,1.2165e-06,2.332e-06,5.6611e-06,1.141e-05,1.8239e-05,2.3063e-05,2.3085e-05,1.8375e-05,1.1944e-05,7.292e-06,6.1725e-06,8.1036e-06,1.0972e-05,1.228e-05,1.0814e-05,7.4293e-06,3.9766e-06,1.6577e-06,5.3818e-07,1.3607e-07,2.6794e-08,4.109e-09,0,0,0,0,0,0,0,0,0,0,0,0,0,0,0,0,0,0,0,0,0,0,0,0,0,0,0,0,1.5054e-08,9.8167e-08,5.1359e-07,2.0699e-06,6.587e-06,1.6639e-05,3.3791e-05,5.6145e-05,7.8199e-05,9.4003e-05,0.00010051,9.8717e-05,9.4274e-05,9.7886e-05,0.0001202,0.00016514,0.00023527,0.00036444,0.00064416,0.0011909,0.0020374,0.0030124,0.0037365,0.0038385,0.0032821,0.002449,0.0018067,0.0015124,0.0013951,0.0012683,0.0011568,0.0012073,0.001457,0.0017495,0.0018597,0.0016719,0.0012482,0.00076385,0.00037844,0.00015007,4.7209e-05,1.1704e-05,2.2343e-06,3.4264e-07,0,0,0,0,0,0,0,0,0,0,0,0,0,0,0,0,0,0,0,0,0,0,0,0,0,0,0,0,0,0,0,0,0,0,0,0,0,0,0,0,0,0,0,0,0,0,0,0,0,0,0,0,0,0,0,0,0,0,0,0,0,0,0,0,0,0
0,0,0,0,0,0,0,0,0,0,0,0,0,0,0,0,0,0,0,0,0,0,0,0,0,0,0,0,0,0,0,0,0,0,0,0,0,0,0,0,0,0,0,0,0,0,0,0,0,0,0,0,0,0,0,0,0,0,0,0,0,0,0,0,0,0,0,0,0,0,0,0,0,0,0,0,0,9.3521e-08,6.0984e-07,3.097e-06,1.2249e-05,3.7729e-05,9.0508e-05,0.00016909,0.00024603,0.00027878,0.00024603,0.00016918,9.1118e-05,4.0826e-05,2.4498e-05,4.0826e-05,9.1118e-05,0.00016918,0.00024603,0.00027888,0.00024664,0.00017219,0.00010276,7.5458e-05,0.00010276,0.00017219,0.00024664,0.00027888,0.00024603,0.00016909,9.0508e-05,3.7729e-05,1.2249e-05,3.097e-06,6.0984e-07,9.3521e-08,0,0,0,0,0,0,0,0,0,0,0,0,0,0,0,0,0,0,0,0,0,0,0,0,0,0,0,0,0,0,3.4264e-07,2.2343e-06,1.1689e-05,4.7126e-05,0.00014969,0.00037708,0.000761,0.0012468,0.0016913,0.0019657,0.0020975,0.0023093,0.0028403,0.0036382,0.0042655,0.0042643,0.0036402,0.0028672,0.0024061,0.0023249,0.0023887,0.0023782,0.0022579,0.002105,0.0019763,0.0018647,0.0017213,0.001485,0.0011357,0.00074285,0.00041845,0.00022073,0.00012691,8.4039e-05,5.652e-05,3.365e-05,1.6541e-05,6.5719e-06,2.0699e-06,5.1359e-07,9.8167e-08,1.5054e-08,0,0,0,0,0,0,0,0,0,0,0,0,0,0,0,0,0,0,0,0,0,0,0,0,0,0,0,0,0,0,0,0,0,0,0,0,0,0,0,0,0,0,0,0,0,0,0,0,0,0,0,0,0,0,0,0,0,0,0,0,0,0,0,0,0,0
0,0,0,0,0,0,0,0,0,0,0,0,0,0,0,0,0,0,0,0,0,0,0,0,0,0,0,0,0,0,0,0,0,0,0,0,0,0,0,0,0,0,0,0,0,0,0,0,0,0,0,0,0,0,0,0,0,0,0,0,0,0,0,0,0,0,0,0,0,0,0,0,0,0,0,0,0,4.109e-09,2.6794e-08,1.3607e-07,5.3818e-07,1.6577e-06,3.9766e-06,7.4293e-06,1.081e-05,1.2249e-05,1.081e-05,7.4334e-06,4.0034e-06,1.7938e-06,1.0764e-06,1.7938e-06,4.0034e-06,7.4334e-06,1.081e-05,1.2253e-05,1.0836e-05,7.5654e-06,4.5148e-06,3.3154e-06,4.5148e-06,7.5654e-06,1.0836e-05,1.2253e-05,1.081e-05,7.4293e-06,3.9766e-06,1.6577e-06,5.3818e-07,1.3607e-07,2.6794e-08,4.109e-09,0,0,0,0,0,0,0,0,0,0,0,0,0,0,0,0,0,0,0,1.5054e-08,9.8167e-08,4.9853e-07,1.9717e-06,6.0734e-06,1.4569e-05,2.7219e-05,3.9604e-05,4.4892e-05,3.9702e-05,2.7718e-05,1.6556e-05,1.226e-05,1.7153e-05,3.0629e-05,5.0837e-05,8.1543e-05,0.00014691,0.00030844,0.00066497,0.0013077,0.0022359,0.0033065,0.004296,0.0050127,0.00533,0.0051658,0.0045602,0.0038104,0.0033879,0.0035809,0.0042325,0.0048841,0.0051306,0.0048262,0.0040842,0.0031778,0.0023627,0.0017169,0.0011806,0.00071708,0.00036249,0.00014732,4.7206e-05,1.1845e-05,2.3324e-06,3.5769e-07,0,0,0,0,0,0,0,0,0,0,0,0,0,0,0,0,0,0,0,0,0,0,0,0,0,0,0,0,0,0,0,0,0,0,0,0,0,0,0,0,0,0,0,0,0,0,0,0,0,0,0,0,0,0,0,0,0,0,0,0,0,0,0,0,0,0,0,0,0,0,0,0
0,0,0,0,0,0,0,0,0,0,0,0,0,0,0,0,0,0,0,0,0,0,0,0,0,0,0,0,0,0,0,0,0,0,0,0,0,0,0,0,0,0,0,0,0,0,0,0,0,0,0,0,0,0,0,0,0,0,0,0,0,0,0,0,0,0,0,0,0,0,0,0,0,0,0,0,0,0,0,0,0,0,0,0,0,0,0,0,0,0,0,0,0,0,0,0,0,0,0,0,0,0,0,0,0,0,0,0,0,0,0,0,0,0,0,0,0,0,0,0,0,0,0,0,0,0,0,0,0,0,0,3.4264e-07,2.2343e-06,1.1347e-05,4.4877e-05,0.00013823,0.00033161,0.0006196,0.00090187,0.0010237,0.00090969,0.00064552,0.00040419,0.00031841,0.00042985,0.00069738,0.0010073,0.0012295,0.0013297,0.0014026,0.0015597,0.0018359,0.0022287,0.002714,0.0031584,0.0033302,0.0031217,0.0027344,0.002555,0.0028266,0.0034482,0.0040676,0.0043262,0.0040432,0.0032746,0.0022695,0.0013345,0.00066983,0.00029942,0.00013199,6.3853e-05,3.281e-05,1.5607e-05,6.2017e-06,1.9868e-06,4.9853e-07,9.8167e-08,1.5054e-08,0,0,0,0,0,0,0,0,0,0,0,0,0,0,0,0,0,0,0,0,0,0,0,0,0,0,0,0,0,0,0,0,0,0,0,0,0,0,0,0,0,0,0,0,0,0,0,0,0,0,0,0,0,0,0,0,0,0,0,0,0,0,0,0,0,0,0,0,0,0,0,0
0,0,0,0,0,0,0,0,0,0,0,0,0,0,0,0,0,0,0,0,0,0,0,0,0,0,0,0,0,0,0,0,0,0,0,0,0,0,0,0,0,0,0,0,0,0,0,0,0,0,0,0,0,0,0,0,0,0,0,0,0,0,0,0,0,0,0,0,0,0,0,0,0,0,0,0,0,0,0,0,0,0,0,0,0,0,0,0,0,0,0,0,0,0,0,0,0,0,0,0,0,0,0,0,0,0,0,0,0,0,0,0,0,0,1.5054e-08,9.8167e-08,4.9853e-07,1.9717e-06,6.0734e-06,1.4569e-05,2.7219e-05,3.9604e-05,4.4877e-05,3.9604e-05,2.7219e-05,1.4569e-05,6.0734e-06,1.9717e-06,4.9853e-07,9.8167e-08,1.5054e-08,1.5054e-08,1.1322e-07,6.1176e-07,2.5684e-06,8.5437e-06,2.2987e-05,5.0323e-05,9.3947e-05,0.00016163,0.00027936,0.00048938,0.00080438,0.0011512,0.0014044,0.0015187,0.0015919,0.0017621,0.0020811,0.0024899,0.0028403,0.0029584,0.0028097,0.0025904,0.0025526,0.0027563,0.0030467,0.0032205,0.0031673,0.0029101,0.0025611,0.0022297,0.0019375,0.0016173,0.0012133,0.00077106,0.00039971,0.00016565,5.4375e-05,1.4028e-05,2.8611e-06,4.5586e-07,1.5054e-08,0,0,0,0,0,0,0,0,0,0,0,0,0,0,0,0,0,0,0,0,0,0,0,0,0,0,0,0,0,0,0,0,0,0,0,0,0,0,0,0,0,0,0,0,0,0,0,0,0,0,0,0,0,0,0,0,0,0,0,0,0,0,0,0,0,0,0,0,0,0,0,0,0,0,0,0,0
0,0,0,0,0,0,0,0,0,0,0,0,0,0,0,0,0,0,0,0,0,0,0,0,0,0,0,0,0,0,0,0,0,0,0,0,0,0,0,0,0,0,0,0,0,0,0,0,0,0,0,0,0,0,0,0,0,0,0,0,0,0,0,0,0,0,0,0,0,0,0,0,0,0,0,0,0,0,0,0,0,0,0,0,0,0,0,0,0,0,0,0,0,0,0,0,0,0,0,0,0,0,0,0,0,0,0,0,0,0,0,0,0,0,3.4264e-07,2.2343e-06,1.1347e-05,4.4877e-05,0.00013823,0.0003316,0.0006195,0.00090137,0.0010214,0.00090137,0.0006195,0.0003316,0.00013823,4.4877e-05,1.1362e-05,2.3324e-06,8.4117e-07,1.9717e-06,6.416e-06,1.7146e-05,4.08e-05,9.5842e-05,0.0002288,0.00051528,0.0010088,0.0016603,0.0023341,0.0029706,0.0036772,0.004524,0.005284,0.0055723,0.0053017,0.0048819,0.0049178,0.0057359,0.0071361,0.0085248,0.0093451,0.0094246,0.0089086,0.0079561,0.0066431,0.005109,0.0036273,0.0024789,0.0017904,0.0014682,0.0012748,0.0010174,0.00067881,0.00036333,0.00015369,5.1048e-05,1.3333e-05,2.7328e-06,4.408e-07,1.5054e-08,0,0,0,0,0,0,0,0,0,0,0,0,0,0,0,0,0,0,0,0,0,0,0,0,0,0,0,0,0,0,0,0,0,0,0,0,0,0,0,0,0,0,0,0,0,0,0,0,0,0,0,0,0,0,0,0,0,0,0,0,0,0,0,0,0,0,0,0,0,0,0,0,0,0,0,0,0,0
0,0,0,0,0,0,0,0,0,0,0,0,0,0,0,0,0,0,0,0,0,0,0,0,0,0,0,0,0,0,0,0,0,0,0,0,0,0,0,0,0,0,0,0,0,0,0,0,0,0,0,0,0,0,0,0,0,0,0,0,0,0,0,0,0,0,0,0,0,0,0,0,0,0,0,0,0,0,0,0,0,0,0,0,0,0,0,0,0,0,0,0,0,0,0,0,0,0,0,0,0,0,0,0,0,0,0,0,0,0,0,0,0,0,1.5054e-08,9.8167e-08,4.9853e-07,1.9717e-06,6.0734e-06,1.4569e-05,2.7219e-05,3.9604e-05,4.4892e-05,3.9702e-05,2.7718e-05,1.6541e-05,1.2147e-05,1.6541e-05,2.806e-05,4.1936e-05,5.6253e-05,8.4578e-05,0.00016596,0.00034828,0.00063244,0.00092174,0.0010638,0.00098827,0.00079557,0.00069124,0.00085059,0.0013316,0.0020522,0.0028399,0.0035696,0.0042647,0.0049994,0.0057202,0.0062664,0.0065974,0.0069251,0.0075667,0.0086332,0.009796,0.010374,0.0098175,0.0082017,0.0061461,0.004242,0.0027122,0.0015633,0.00078453,0.0003405,0.00013327,5.0441e-05,1.9136e-05,6.7737e-06,1.9717e-06,4.9853e-07,9.8167e-08,1.5054e-08,0,0,0,0,0,0,0,0,0,0,0,0,0,0,0,0,0,0,0,0,0,0,0,0,0,0,0,0,0,0,0,0,0,0,0,0,0,0,0,0,0,0,0,0,0,0,0,0,0,0,0,0,0,0,0,0,0,0,0,0,0,0,0,0,0,0,0,0,0,0,0,0,0,0,0,0,0,0,0
0,0,0,0,0,0,0,0,0,0,0,0,0,0,0,0,0,0,0,0,0,0,0,0,0,0,0,0,0,0,0,0,0,0,0,0,0,0,0,0,0,0,0,0,0,0,0,0,0,0,0,0,0,0,0,0,0,0,0,0,0,0,0,0,0,0,0,0,0,0,0,0,0,0,0,0,0,0,0,0,0,0,0,0,0,0,0,0,0,0,0,0,0,0,0,0,0,0,0,0,0,0,0,0,0,0,0,0,0,0,0,0,0,0,0,0,0,0,0,0,0,0,3.4264e-07,2.2343e-06,1.1347e-05,4.4877e-05,0.00013823,0.0003316,0.00061952,0.00090147,0.0010222,0.00090569,0.00063753,0.00039431,0.00031679,0.00046226,0.00081813,0.001322,0.0019002,0.0025085,0.0031027,0.0035776,0.0038039,0.0037434,0.0035223,0.0033994,0.0036313,0.0043116,0.0053312,0.0064489,0.0073686,0.0078206,0.0076465,0.0068247,0.0054667,0.0038438,0.002332,0.0012214,0.00056868,0.00024835,0.0001058,4.2757e-05,1.5325e-05,4.5173e-06,1.0952e-06,2.1139e-07,3.0109e-08,0,0,0,0,0,0,0,0,0,0,0,0,0,0,0,0,0,0,0,0,0,0,0,0,0,0,0,0,0,0,0,0,0,0,0,0,0,0,0,0,0,0,0,0,0,0,0,0,0,0,0,0,0,0,0,0,0,0,0,0,0,0,0,0,0,0,0,0,0,0,0,0,0,0,0,0,0,0,0,0,0,0,0
0,0,0,0,0,0,0,0,0,0,0,0,0,0,0,0,0,0,0,0,0,0,0,0,0,0,0,0,0,0,0,0,0,0,0,0,0,0,0,0,0,0,0,0,0,0,0,0,0,0,0,0,0,0,0,0,0,0,0,0,0,0,0,0,0,0,0,0,0,0,0,0,0,0,0,0,0,0,0,0,0,0,0,0,0,0,0,0,0,0,0,0,0,0,0,0,0,0,0,0,0,0,0,0,0,0,0,0,0,0,0,0,1.5054e-08,9.8167e-08,4.9853e-07,1.9717e-06,6.0734e-06,1.4569e-05,2.7219e-05,3.9604e-05,4.4877e-05,3.9604e-05,2.7234e-05,1.4667e-05,6.5719e-06,3.9585e-06,6.6701e-06,1.5166e-05,2.9206e-05,4.5707e-05,6.0015e-05,7.0608e-05,8.58e-05,0.00013496,0.00028635,0.0006485,0.0013122,0.0022438,0.0032391,0.0040399,0.0045482,0.0049201,0.0054163,0.0061641,0.0071213,0.0082269,0.0093957,0.010302,0.010408,0.0094306,0.007699,0.0058784,0.0044046,0.0033074,0.0024839,0.0019144,0.001576,0.0013338,0.0010444,0.00069885,0.00039156,0.00019025,8.658e-05,3.9079e-05,1.6902e-05,6.4311e-06,1.9717e-06,4.9853e-07,9.8167e-08,1.5054e-08,0,0,0,0,0,0,0,0,0,0,0,0,0,0,0,0,0,0,0,0,0,0,0,0,0,0,0,0,0,0,0,0,0,0,0,0,0,0,0,0,0,0,0,0,0,0,0,0,0,0,0,0,0,0,0,0,0,0,0,0,0,0,0,0,0,0,0,0,0,0,0,0,0,0,0,0,0,0,0,0
0,0,0,0,0,0,0,0,0,0,0,0,0,0,0,0,0,0,0,0,0,0,0,0,0,0,0,0,0,0,0,0,0,0,0,0,0,0,0,0,0,0,0,0,0,0,0,0,0,0,0,0,0,0,0,0,0,0,0,0,0,0,0,0,0,0,0,0,0,0,0,0,0,0,0,0,0,0,0,0,0,0,0,0,0,0,0,0,0,0,0,0,0,0,0,0,0,0,0,0,0,0,0,0,0,0,0,0,0,0,0,0,3.4264e-07,2.2343e-06,1.1347e-05,4.4892e-05,0.00013833,0.00033209,0.00062147,0.00090745,0.001036,0.00092861,0.0006592,0.00037697,0.00017981,7.8512e-05,4.2735e-05,4.6972e-05,8.7323e-05,0.00018649,0.00038342,0.00069187,0.0010649,0.0014516,0.0019184,0.0026302,0.0036251,0.0046821,0.0055583,0.0063761,0.007654,0.0098018,0.01254,0.014952,0.016207,0.016105,0.014914,0.012995,0.010736,0.0085586,0.0067571,0.0054062,0.0044348,0.0037355,0.0032178,0.0028114,0.0024443,0.0020652,0.0017032,0.0014459,0.0013097,0.0011835,0.00095243,0.00063219,0.00033403,0.0001386,4.4877e-05,1.1347e-05,2.2343e-06,3.4264e-07,0,0,0,0,0,0,0,0,0,0,0,0,0,0,0,0,0,0,0,0,0,0,0,0,0,0,0,0,0,0,0,0,0,0,0,0,0,0,0,0,0,0,0,0,0,0,0,0,0,0,0,0,0,0,0,0,0,0,0,0,0,0,0,0,0,0,0,0,0,0,0,0,0,0,0,0,0,0,0,0
0,0,0,0,0,0,0,0,0,0,0,0,0,0,0,0,0,0,0,0,0,0,0,0,0,0,0,0,0,0,0,0,0,0,0,0,0,0,0,0,0,0,0,0,0,0,0,0,0,0,0,0,0,0,0,0,0,0,0,0,0,0,0,0,0,0,0,0,0,0,0,0,0,0,0,0,0,0,0,0,0,0,0,0,0,0,0,0,0,0,0,0,0,0,0,0,0,0,0,0,0,0,0,0,0,0,0,0,0,0,1.5054e-08,9.8167e-08,5.1359e-07,2.0699e-06,6.5719e-06,1.6884e-05,3.5527e-05,6.5519e-05,0.00011697,0.00021744,0.00040371,0.00067413,0.0009375,0.0010518,0.00096099,0.00078119,0.0007091,0.00083842,0.0010755,0.0012426,0.0012776,0.001329,0.0016522,0.002446,0.0037839,0.0056051,0.0076844,0.0096334,0.011027,0.01164,0.01164,0.011515,0.011721,0.01237,0.013235,0.013865,0.013695,0.012341,0.0099914,0.0073327,0.004994,0.0031961,0.0019208,0.0011486,0.00085629,0.000922,0.0011135,0.0011866,0.001028,0.000714,0.00040441,0.00019627,8.862e-05,3.9593e-05,1.7e-05,6.4461e-06,1.9717e-06,4.9853e-07,9.8167e-08,1.5054e-08,0,0,0,0,0,0,0,0,0,0,0,0,0,0,0,0,0,0,0,0,0,0,0,0,0,0,0,0,0,0,0,0,0,0,0,0,0,0,0,0,0,0,0,0,0,0,0,0,0,0,0,0,0,0,0,0,0,0,0,0,0,0,0,0,0,0,0,0,0,0,0,0,0,0,0,0,0,0,0,0
0,0,0,0,0,0,0,0,0,0,0,0,0,0,0,0,0,0,0,0,0,0,0,0,0,0,0,0,0,0,0,0,0,0,0,0,0,0,0,0,0,0,0,0,0,0,0,0,0,0,0,0,0,0,0,0,0,0,0,0,0,0,0,0,0,0,0,0,0,0,0,0,0,0,0,0,0,0,0,0,0,0,0,0,0,0,0,0,0,0,0,0,0,0,0,0,0,0,0,0,0,0,0,0,0,0,1.5054e-08,9.8167e-08,4.9853e-07,1.9717e-06,6.416e-06,1.6804e-05,3.8566e-05,8.4495e-05,0.0001832,0.00037171,0.00064879,0.00092251,0.001044,0.00093667,0.00067473,0.00040749,0.00023569,0.00018878,0.0002914,0.00060601,0.0011859,0.0019905,0.002892,0.0038003,0.0047228,0.0056288,0.0063596,0.0068349,0.0073004,0.0081863,0.009645,0.011241,0.012139,0.011751,0.010339,0.0088728,0.0081647,0.0081863,0.008288,0.0079889,0.0074217,0.0070055,0.0068486,0.0066149,0.0059373,0.0048255,0.0036392,0.0027551,0.0023041,0.0021472,0.0020239,0.0017421,0.0012866,0.00078768,0.00039148,0.00015566,4.9083e-05,1.2188e-05,2.3324e-06,3.5769e-07,0,0,0,0,0,0,0,0,0,0,0,0,0,0,0,0,0,0,0,0,0,0,0,0,0,0,0,0,0,0,0,0,0,0,0,0,0,0,0,0,0,0,0,0,0,0,0,0,0,0,0,0,0,0,0,0,0,0,0,0,0,0,0,0,0,0,0,0,0,0,0,0,0,0,0,0,0,0,0,0,0,0,0,0
0,0,0,0,0,0,0,0,0,0,0,0,0,0,0,0,0,0,0,0,0,0,0,0,0,0,0,0,0,0,0,0,0,0,0,0,0,0,0,0,0,0,0,0,0,0,0,0,0,0,0,0,0,0,0,0,0,0,0,0,0,0,0,0,0,0,0,0,0,0,0,0,0,0,0,0,0,0,0,0,0,0,0,0,0,0,0,0,0,0,0,0,0,0,0,0,0,0,0,0,0,0,0,0,0,0,3.4264e-07,2.2343e-06,1.1347e-05,4.4877e-05,0.00013824,0.00033169,0.00062002,0.00090378,0.0010302,0.00092926,0.00069767,0.00052401,0.00054203,0.00074487,0.00099214,0.0011115,0.0010611,0.001021,0.0012921,0.0020676,0.003257,0.004525,0.0055507,0.0062808,0.0069547,0.0079211,0.0093619,0.011051,0.012431,0.013104,0.013227,0.013326,0.013783,0.014558,0.015264,0.015383,0.014506,0.01255,0.0099111,0.0073815,0.005704,0.0050397,0.0048662,0.0044925,0.0036858,0.0027386,0.0019969,0.0015046,0.0011119,0.00073838,0.00042324,0.00021321,9.9578e-05,4.4737e-05,1.879e-05,6.9146e-06,2.0699e-06,5.1359e-07,9.8167e-08,1.5054e-08,0,0,0,0,0,0,0,0,0,0,0,0,0,0,0,0,0,0,0,0,0,0,0,0,0,0,0,0,0,0,0,0,0,0,0,0,0,0,0,0,0,0,0,0,0,0,0,0,0,0,0,0,0,0,0,0,0,0,0,0,0,0,0,0,0,0,0,0,0,0,0,0,0,0,0,0,0,0,0,0,0,0,0,0
0,0,0,0,0,0,0,0,0,0,0,0,0,0,0,0,0,0,0,0,0,0,0,0,0,0,0,0,0,0,0,0,0,0,0,0,0,0,0,0,0,0,0,0,0,0,0,0,0,0,0,0,0,0,0,0,0,0,0,0,0,0,0,0,0,0,0,0,0,0,0,0,0,0,0,0,0,0,0,0,0,0,0,0,0,0,0,0,0,0,0,0,0,0,0,0,0,0,0,0,0,0,0,0,0,0,1.5054e-08,9.8167e-08,4.9853e-07,2.0019e-06,6.2697e-06,1.5596e-05,3.1702e-05,5.4997e-05,8.9419e-05,0.00015168,0.00027636,0.00049924,0.00080918,0.0011091,0.0012693,0.0012718,0.0012897,0.0015732,0.0022548,0.0032865,0.0045329,0.0058508,0.0070963,0.0082132,0.0094017,0.011039,0.01319,0.015192,0.016019,0.015244,0.013472,0.011704,0.010475,0.0096947,0.0090277,0.0082321,0.0072244,0.005993,0.0045713,0.00311,0.0018606,0.0010033,0.0005292,0.00030371,0.00019822,0.00014665,0.00012216,0.00010609,8.4178e-05,5.5632e-05,2.9365e-05,1.2177e-05,3.9435e-06,9.9707e-07,1.9633e-07,3.0109e-08,0,0,0,0,0,0,0,0,0,0,0,0,0,0,0,0,0,0,0,0,0,0,0,0,0,0,0,0,0,0,0,0,0,0,0,0,0,0,0,0,0,0,0,0,0,0,0,0,0,0,0,0,0,0,0,0,0,0,0,0,0,0,0,0,0,0,0,0,0,0,0,0,0,0,0,0,0,0,0,0,0,0,0,0,0,0,0,0
0,0,0,0,0,0,0,0,0,0,0,0,0,0,0,0,0,0,0,0,0,0,0,0,0,0,0,0,0,0,0,0,0,0,0,0,0,0,0,0,0,0,0,0,0,0,0,0,0,0,0,0,0,0,0,0,0,0,0,0,0,0,0,0,0,0,0,0,0,0,0,0,0,0,0,0,0,0,0,0,0,0,0,0,0,0,0,0,0,0,0,0,0,0,0,0,0,0,0,0,0,0,0,0,1.5054e-08,9.8167e-08,4.9853e-07,1.9717e-06,6.0884e-06,1.5353e-05,3.2186e-05,6.4969e-05,0.00014532,0.00035413,0.00081131,0.0015848,0.002566,0.0034601,0.0039644,0.0039931,0.003726,0.0034343,0.0032893,0.0034209,0.0041043,0.0056222,0.0077796,0.0097406,0.010624,0.010307,0.0096288,0.0098098,0.011534,0.01436,0.017071,0.018714,0.019207,0.018968,0.018231,0.016896,0.014897,0.012527,0.01034,0.0087314,0.0076433,0.0066483,0.0053566,0.0037768,0.0022807,0.0012485,0.00079859,0.00079116,0.00095854,0.0010388,0.00090602,0.0006205,0.00033179,0.00013826,4.4877e-05,1.1347e-05,2.2343e-06,3.4264e-07,0,0,0,0,0,0,0,0,0,0,0,0,0,0,0,0,0,0,0,0,0,0,0,0,0,0,0,0,0,0,0,0,0,0,0,0,0,0,0,0,0,0,0,0,0,0,0,0,0,0,0,0,0,0,0,0,0,0,0,0,0,0,0,0,0,0,0,0,0,0,0,0,0,0,0,0,0,0,0,0,0,0,0,0,0,0,0,0
0,0,0,0,0,0,0,0,0,0,0,0,0,0,0,0,0,0,0,0,0,0,0,0,0,0,0,0,0,0,0,0,0,0,0,0,0,0,0,0,0,0,0,0,0,0,0,0,0,0,0,0,0,0,0,0,0,0,0,0,0,0,0,0,0,0,0,0,0,0,0,0,0,0,0,0,0,0,0,0,0,0,0,0,0,0,0,0,0,0,0,0,0,0,0,0,0,0,0,0,0,0,0,0,3.4264e-07,2.2343e-06,1.1347e-05,4.4877e-05,0.00013857,0.00033386,0.00063108,0.00094781,0.0011677,0.0012665,0.0013557,0.0015769,0.0020123,0.0027208,0.0037379,0.0049627,0.0061364,0.0070181,0.0075617,0.0079563,0.0085249,0.0094657,0.010613,0.011574,0.012135,0.012401,0.012585,0.012876,0.013513,0.014731,0.016454,0.018057,0.018598,0.017426,0.014722,0.011446,0.008671,0.0068779,0.0058219,0.0050137,0.004219,0.0035111,0.0030329,0.0028129,0.0027108,0.0024842,0.0019871,0.001319,0.00071581,0.00032381,0.00012973,4.9912e-05,1.9038e-05,6.7587e-06,1.9717e-06,4.9853e-07,9.8167e-08,1.5054e-08,0,0,0,0,0,0,0,0,0,0,0,0,0,0,0,0,0,0,0,0,0,0,0,0,0,0,0,0,0,0,0,0,0,0,0,0,0,0,0,0,0,0,0,0,0,0,0,0,0,0,0,0,0,0,0,0,0,0,0,0,0,0,0,0,0,0,0,0,0,0,0,0,0,0,0,0,0,0,0,0,0,0,0,0,0,0,0,0
0,0,0,0,0,0,0,0,0,0,0,0,0,0,0,0,0,0,0,0,0,0,0,0,0,0,0,0,0,0,0,0,0,0,0,0,0,0,0,0,0,0,0,0,0,0,0,0,0,0,0,0,0,0,0,0,0,0,0,0,0,0,0,0,0,0,0,0,0,0,0,0,0,0,0,0,0,0,0,0,0,0,0,0,0,0,0,0,0,0,0,0,0,0,0,0,0,0,0,0,0,0,0,1.5054e-08,1.4333e-07,7.9304e-07,3.4975e-06,1.2185e-05,3.3817e-05,7.5067e-05,0.00013512,0.00020146,0.00026542,0.00035484,0.00056396,0.0010444,0.0019292,0.003232,0.0048056,0.0063796,0.0076341,0.0083331,0.0085099,0.0085224,0.0088869,0.010034,0.012103,0.014845,0.0177,0.020046,0.021479,0.021953,0.021716,0.021052,0.020065,0.018735,0.01711,0.015408,0.013886,0.012609,0.011364,0.0098486,0.0079995,0.0060812,0.0044058,0.0030637,0.0019913,0.0011636,0.00060554,0.00029351,0.00014242,7.0089e-05,3.2229e-05,1.2588e-05,3.9585e-06,9.9707e-07,1.9633e-07,3.0109e-08,0,0,0,0,0,0,0,0,0,0,0,0,0,0,0,0,0,0,0,0,0,0,0,0,0,0,0,0,0,0,0,0,0,0,0,0,0,0,0,0,0,0,0,0,0,0,0,0,0,0,0,0,0,0,0,0,0,0,0,0,0,0,0,0,0,0,0,0,0,0,0,0,0,0,0,0,0,0,0,0,0,0,0,0,0,0,0,0,0,0,0,0
0,0,0,0,0,0,0,0,0,0,0,0,0,0,0,0,0,0,0,0,0,0,0,0,0,0,0,0,0,0,0,0,0,0,0,0,0,0,0,0,0,0,0,0,0,0,0,0,0,0,0,0,0,0,0,0,0,0,0,0,0,0,0,0,0,0,0,0,0,0,0,0,0,0,0,0,0,0,0,0,0,0,0,0,0,0,0,0,0,0,0,0,0,0,0,0,0,1.5054e-08,9.8167e-08,4.9853e-07,1.9717e-06,6.0734e-06,1.4569e-05,2.7562e-05,4.2523e-05,6.0692e-05,0.00010789,0.00025987,0.00064669,0.0013849,0.0024444,0.0035727,0.0044222,0.0047993,0.0047971,0.0047203,0.0049077,0.0056099,0.0070311,0.0094029,0.012746,0.016414,0.019163,0.020113,0.019664,0.019226,0.019833,0.021114,0.021758,0.020928,0.018979,0.01686,0.015194,0.014035,0.013173,0.012385,0.011486,0.010369,0.0090501,0.0076825,0.0064532,0.0053887,0.0043204,0.0031341,0.0019602,0.001036,0.00046551,0.00018186,6.3244e-05,1.9617e-05,5.2405e-06,1.1103e-06,2.1139e-07,3.0109e-08,0,0,0,0,0,0,0,0,0,0,0,0,0,0,0,0,0,0,0,0,0,0,0,0,0,0,0,0,0,0,0,0,0,0,0,0,0,0,0,0,0,0,0,0,0,0,0,0,0,0,0,0,0,0,0,0,0,0,0,0,0,0,0,0,0,0,0,0,0,0,0,0,0,0,0,0,0,0,0,0,0,0,0,0,0,0,0,0,0,0,0,0,0,0,0,0
0,0,0,0,0,0,0,0,0,0,0,0,0,0,0,0,0,0,0,0,0,0,0,0,0,0,0,0,0,0,0,0,0,0,0,0,0,0,0,0,0,0,0,0,0,0,0,0,0,0,0,0,0,0,0,0,0,0,0,0,0,0,0,0,0,0,0,0,0,0,0,0,0,0,0,0,0,0,0,0,0,0,0,0,0,0,0,0,0,0,0,0,0,0,0,0,0,3.4264e-07,2.2343e-06,1.1347e-05,4.4877e-05,0.00013824,0.00033169,0.00062002,0.00090347,0.0010282,0.00091963,0.0006614,0.00042234,0.00033897,0.00049953,0.00099549,0.0019248,0.0033448,0.0052544,0.0075756,0.01002,0.012017,0.013039,0.01315,0.013082,0.013577,0.014676,0.015773,0.016329,0.016407,0.01643,0.016554,0.01651,0.016001,0.015005,0.013666,0.012083,0.010293,0.0084104,0.0067281,0.0056382,0.0053892,0.0058592,0.0065398,0.0068086,0.0063403,0.0052949,0.0040903,0.003025,0.0021496,0.0014125,0.00081275,0.00039128,0.00015304,4.7753e-05,1.1802e-05,2.2493e-06,3.4264e-07,0,0,0,0,0,0,0,0,0,0,0,0,0,0,0,0,0,0,0,0,0,0,0,0,0,0,0,0,0,0,0,0,0,0,0,0,0,0,0,0,0,0,0,0,0,0,0,0,0,0,0,0,0,0,0,0,0,0,0,0,0,0,0,0,0,0,0,0,0,0,0,0,0,0,0,0,0,0,0,0,0,0,0,0,0,0,0,0,0,0,0,0,0,0,0,0
0,0,0,0,0,0,0,0,0,0,0,0,0,0,0,0,0,0,0,0,0,0,0,0,0,0,0,0,0,0,0,0,0,0,0,0,0,0,0,0,0,0,0,0,0,0,0,0,0,0,0,0,0,0,0,0,0,0,0,0,0,0,0,0,0,0,0,0,0,0,0,0,0,0,0,0,0,0,0,0,0,0,0,0,0,0,0,0,0,0,0,0,0,0,0,0,1.5054e-08,1.1322e-07,5.967e-07,2.4853e-06,8.1433e-06,2.1514e-05,4.6191e-05,8.5255e-05,0.00014798,0.00026267,0.00046968,0.00076895,0.0010637,0.0011992,0.0011096,0.0009204,0.00089454,0.0012923,0.00225,0.0037031,0.0054221,0.0071931,0.0089784,0.010885,0.013003,0.015254,0.017344,0.018898,0.019696,0.019748,0.019213,0.01839,0.01775,0.017721,0.018295,0.018895,0.018764,0.017531,0.015373,0.012734,0.010016,0.0075178,0.0055054,0.0041957,0.0036204,0.0035536,0.00361,0.0034287,0.002855,0.0020086,0.0011682,0.00055394,0.00021216,6.5173e-05,1.6008e-05,3.0905e-06,4.408e-07,1.5054e-08,0,0,0,0,0,0,0,0,0,0,0,0,0,0,0,0,0,0,0,0,0,0,0,0,0,0,0,0,0,0,0,0,0,0,0,0,0,0,0,0,0,0,0,0,0,0,0,0,0,0,0,0,0,0,0,0,0,0,0,0,0,0,0,0,0,0,0,0,0,0,0,0,0,0,0,0,0,0,0,0,0,0,0,0,0,0,0,0,0,0,0,0,0,0,0,0
0,0,0,0,0,0,0,0,0,0,0,0,0,0,0,0,0,0,0,0,0,0,0,0,0,0,0,0,0,0,0,0,0,0,0,0,0,0,0,0,0,0,0,0,0,0,0,0,0,0,0,0,0,0,0,0,0,0,0,0,0,0,0,0,0,0,0,0,0,0,0,0,0,0,0,0,0,0,0,0,0,0,0,0,0,0,0,0,0,0,0,0,1.5054e-08,9.8167e-08,4.9853e-07,1.9717e-06,6.416e-06,1.6819e-05,3.8694e-05,8.5548e-05,0.00018851,0.00039428,0.00072694,0.0011468,0.0015792,0.0020066,0.0024893,0.0030569,0.0036158,0.0040045,0.0041265,0.0040105,0.0037832,0.0036541,0.0039132,0.004808,0.006298,0.0079618,0.0092743,0.010025,0.010493,0.011321,0.013176,0.016278,0.020048,0.0233,0.024957,0.024709,0.023076,0.020984,0.019293,0.018408,0.018014,0.017286,0.015612,0.013126,0.010494,0.0082756,0.0066116,0.0053773,0.0044191,0.003599,0.0027862,0.0019398,0.001159,0.00057719,0.00023687,7.9875e-05,2.2253e-05,5.1604e-06,9.5439e-07,1.1322e-07,1.5054e-08,0,0,0,0,0,0,0,0,0,0,0,0,0,0,0,0,0,0,0,0,0,0,0,0,0,0,0,0,0,0,0,0,0,0,0,0,0,0,0,0,0,0,0,0,0,0,0,0,0,0,0,0,0,0,0,0,0,0,0,0,0,0,0,0,0,0,0,0,0,0,0,0,0,0,0,0,0,0,0,0,0,0,0,0,0,0,0,0,0,0,0,0,0,0,0,0,0
0,0,0,0,0,0,0,0,0,0,0,0,0,0,0,0,0,0,0,0,0,0,0,0,0,0,0,0,0,0,0,0,0,0,0,0,0,0,0,0,0,0,0,0,0,0,0,0,0,0,0,0,0,0,0,0,0,0,0,0,0,0,0,0,0,0,0,0,0,0,0,0,0,0,0,0,0,0,0,0,0,0,0,0,1.5054e-08,9.8167e-08,4.9853e-07,1.9717e-06,6.0734e-06,1.4569e-05,2.7219e-05,3.9604e-05,4.5249e-05,4.2034e-05,3.9578e-05,6.3488e-05,0.00015696,0.00036512,0.00068393,0.0010137,0.0012166,0.0012864,0.0014491,0.0020226,0.0031125,0.0044324,0.0054747,0.005945,0.0060227,0.0061528,0.0066276,0.0074065,0.0082642,0.009062,0.0099408,0.011191,0.012842,0.014495,0.01572,0.016505,0.017193,0.018124,0.019466,0.021264,0.023295,0.024831,0.02493,0.023262,0.020498,0.017699,0.015466,0.013756,0.012302,0.010973,0.0097361,0.0085149,0.0072389,0.0059714,0.0048704,0.0040181,0.0033236,0.0026163,0.0018341,0.0010875,0.00052857,0.00020702,6.4739e-05,1.6066e-05,3.1736e-06,4.5586e-07,1.5054e-08,0,0,0,0,0,0,0,0,0,0,0,0,0,0,0,0,0,0,0,0,0,0,0,0,0,0,0,0,0,0,0,0,0,0,0,0,0,0,0,0,0,0,0,0,0,0,0,0,0,0,0,0,0,0,0,0,0,0,0,0,0,0,0,0,0,0,0,0,0,0,0,0,0,0,0,0,0,0,0,0,0,0,0,0,0,0,0,0,0,0,0,0,0,0,0,0,0,0,0
0,0,0,0,0,0,0,0,0,0,0,0,0,0,0,0,0,0,0,0,0,0,0,0,0,0,0,0,0,0,0,0,0,0,0,0,0,0,0,0,0,0,0,0,0,0,0,0,0,0,0,0,0,0,0,0,0,0,0,0,0,0,0,0,0,0,0,0,0,0,0,0,0,0,0,0,0,0,0,0,0,0,0,0,3.4264e-07,2.2343e-06,1.1347e-05,4.4877e-05,0.00013823,0.0003316,0.0006195,0.00090137,0.0010221,0.00090604,0.00064354,0.00042753,0.0004382,0.00078221,0.0014437,0.002219,0.002764,0.0028178,0.002402,0.0017879,0.0013048,0.0011823,0.0015072,0.0022532,0.0033208,0.0045667,0.0058269,0.006956,0.0078819,0.0086751,0.0096074,0.011062,0.013231,0.015846,0.018266,0.019877,0.020528,0.020751,0.021514,0.023334,0.025496,0.026489,0.025367,0.022514,0.019106,0.016108,0.013781,0.011908,0.010309,0.0090491,0.0081142,0.0071312,0.0057054,0.0039178,0.0022558,0.0011097,0.00050391,0.00023875,0.00012313,6.2561e-05,2.7671e-05,1.013e-05,2.9839e-06,6.9487e-07,1.2828e-07,1.5054e-08,0,0,0,0,0,0,0,0,0,0,0,0,0,0,0,0,0,0,0,0,0,0,0,0,0,0,0,0,0,0,0,0,0,0,0,0,0,0,0,0,0,0,0,0,0,0,0,0,0,0,0,0,0,0,0,0,0,0,0,0,0,0,0,0,0,0,0,0,0,0,0,0,0,0,0,0,0,0,0,0,0,0,0,0,0,0,0,0,0,0,0,0,0,0,0,0,0,0,0,0
0,0,0,0,0,0,0,0,0,0,0,0,0,0,0,0,0,0,0,0,0,0,0,0,0,0,0,0,0,0,0,0,0,0,0,0,0,0,0,0,0,0,0,0,0,0,0,0,0,0,0,0,0,0,0,0,0,0,0,0,0,0,0,0,0,0,0,0,0,0,0,0,0,0,0,0,1.5054e-08,9.8167e-08,4.9853e-07,1.9717e-06,6.0734e-06,1.4569e-05,2.7219e-05,3.9604e-05,4.4907e-05,3.98e-05,2.8216e-05,1.8513e-05,1.822e-05,3.111e-05,5.4937e-05,7.9305e-05,9.0171e-05,8.1849e-05,6.7922e-05,8.271e-05,0.00017862,0.00040918,0.00077923,0.0011996,0.0015412,0.0017805,0.0020417,0.0024394,0.0029325,0.003404,0.0038176,0.00422,0.0046579,0.0051797,0.0058522,0.0067101,0.0077901,0.009315,0.011721,0.015258,0.019446,0.023058,0.024848,0.024531,0.023159,0.022384,0.023016,0.024243,0.024433,0.022746,0.019818,0.016937,0.014814,0.013276,0.011917,0.010645,0.0094953,0.0082598,0.0066374,0.0046885,0.0028847,0.0016872,0.0011848,0.001109,0.0010929,0.00092552,0.00062717,0.00033373,0.00013874,4.4975e-05,1.1362e-05,2.2343e-06,3.4264e-07,0,0,0,0,0,0,0,0,0,0,0,0,0,0,0,0,0,0,0,0,0,0,0,0,0,0,0,0,0,0,0,0,0,0,0,0,0,0,0,0,0,0,0,0,0,0,0,0,0,0,0,0,0,0,0,0,0,0,0,0,0,0,0,0,0,0,0,0,0,0,0,0,0,0,0,0,0,0,0,0,0,0,0,0,0,0,0,0,0,0,0,0,0,0,0,0,0,0,0,0,0
0,0,0,0,0,0,0,0,0,0,0,0,0,0,0,0,0,0,0,0,0,0,0,0,0,0,0,0,0,0,0,0,0,0,0,0,0,0,0,0,0,0,0,0,0,0,0,0,0,0,0,0,0,0,0,0,0,0,0,0,0,0,0,0,0,0,0,0,0,0,0,0,0,0,0,0,3.4264e-07,2.2343e-06,1.1347e-05,4.4892e-05,0.00013833,0.00033209,0.00062147,0.00090745,0.0010363,0.00093083,0.00067045,0.00042136,0.00031618,0.0004043,0.00064799,0.00091822,0.001047,0.00095464,0.0007271,0.00055121,0.00061579,0.001081,0.0020489,0.0034589,0.0050331,0.006393,0.0072439,0.0074653,0.0071641,0.0067229,0.0066421,0.0071477,0.0079911,0.0087637,0.0093967,0.010292,0.012018,0.014879,0.018661,0.022723,0.026376,0.029163,0.030844,0.031373,0.031016,0.030171,0.028868,0.026728,0.023639,0.020202,0.017269,0.015214,0.013744,0.012292,0.010478,0.0083341,0.0061874,0.0043655,0.0030065,0.0021024,0.0015967,0.0013694,0.0012226,0.00099458,0.00067749,0.00037369,0.00016582,5.9446e-05,1.742e-05,4.206e-06,8.4117e-07,9.8167e-08,1.5054e-08,0,0,0,0,0,0,0,0,0,0,0,0,0,0,0,0,0,0,0,0,0,0,0,0,0,0,0,0,0,0,0,0,0,0,0,0,0,0,0,0,0,0,0,0,0,0,0,0,0,0,0,0,0,0,0,0,0,0,0,0,0,0,0,0,0,0,0,0,0,0,0,0,0,0,0,0,0,0,0,0,0,0,0,0,0,0,0,0,0,0,0,0,0,0,0,0,0,0,0,0,0
0,0,0,0,0,0,0,0,0,0,0,0,0,0,0,0,0,0,0,0,0,0,0,0,0,0,0,0,0,0,0,0,0,0,0,0,0,0,0,0,0,0,0,0,0,0,0,0,0,0,0,0,0,0,0,0,0,0,0,0,0,0,0,0,0,0,0,0,0,0,0,0,0,0,0,0,1.5054e-08,9.8167e-08,4.9853e-07,2.3144e-06,8.3077e-06,2.5916e-05,7.2096e-05,0.00017783,0.00037649,0.00065922,0.00092923,0.0010391,0.00091966,0.00066247,0.00045263,0.00044991,0.0007425,0.0013385,0.0021154,0.0027927,0.0030538,0.0027783,0.0021584,0.0015672,0.0013043,0.0014368,0.00183,0.0023206,0.0028812,0.0035964,0.0045199,0.0057076,0.0073791,0.0097898,0.012831,0.015959,0.018616,0.020555,0.021725,0.022116,0.021885,0.021476,0.021349,0.021558,0.021737,0.021541,0.021043,0.020633,0.020534,0.020509,0.020018,0.018575,0.016021,0.012664,0.0092162,0.006377,0.004387,0.003021,0.0019765,0.0011548,0.00059336,0.00028867,0.00015501,9.5371e-05,5.7627e-05,2.9594e-05,1.2162e-05,3.9435e-06,9.9707e-07,1.9633e-07,3.0109e-08,0,0,0,0,0,0,0,0,0,0,0,0,0,0,0,0,0,0,0,0,0,0,0,0,0,0,0,0,0,0,0,0,0,0,0,0,0,0,0,0,0,0,0,0,0,0,0,0,0,0,0,0,0,0,0,0,0,0,0,0,0,0,0,0,0,0,0,0,0,0,0,0,0,0,0,0,0,0,0,0,0,0,0,0,0,0,0,0,0,0,0,0,0,0,0,0,0,0,0,0,0,0,0
0,0,0,0,0,0,0,0,0,0,0,0,0,0,0,0,0,0,0,0,0,0,0,0,0,0,0,0,0,0,0,0,0,0,0,0,0,0,0,0,0,0,0,0,0,0,0,0,0,0,0,0,0,0,0,0,0,0,0,0,0,0,0,0,0,0,0,0,0,0,0,0,0,0,0,0,0,0,0,1.5054e-08,9.8167e-08,4.9853e-07,1.9717e-06,6.0734e-06,1.4569e-05,2.7562e-05,4.2866e-05,6.3284e-05,0.00012087,0.00031241,0.00081073,0.0017802,0.0031696,0.0045675,0.005404,0.0054276,0.0049291,0.0044332,0.004275,0.0045682,0.0053806,0.0066278,0.0078264,0.008396,0.0084609,0.0090248,0.011013,0.014287,0.01786,0.020902,0.023171,0.024642,0.025312,0.025502,0.025756,0.02621,0.026487,0.026371,0.026074,0.025708,0.025001,0.023728,0.022035,0.020203,0.018375,0.016497,0.014302,0.011508,0.0082359,0.0051396,0.002926,0.001804,0.0014351,0.0013192,0.0011731,0.0010188,0.00098056,0.0010502,0.0010693,0.00091343,0.00062187,0.00033195,0.00013823,4.4877e-05,1.1347e-05,2.2343e-06,3.4264e-07,0,0,0,0,0,0,0,0,0,0,0,0,0,0,0,0,0,0,0,0,0,0,0,0,0,0,0,0,0,0,0,0,0,0,0,0,0,0,0,0,0,0,0,0,0,0,0,0,0,0,0,0,0,0,0,0,0,0,0,0,0,0,0,0,0,0,0,0,0,0,0,0,0,0,0,0,0,0,0,0,0,0,0,0,0,0,0,0,0,0,0,0,0,0,0,0,0,0,0,0,0,0,0
0,0,0,0,0,0,0,0,0,0,0,0,0,0,0,0,0,0,0,0,0,0,0,0,0,0,0,0,0,0,0,0,0,0,0,0,0,0,0,0,0,0,0,0,0,0,0,0,0,0,0,0,0,0,0,0,0,0,0,0,0,0,0,0,0,0,0,0,0,0,0,0,0,1.5054e-08,9.8167e-08,4.9853e-07,1.9717e-06,6.0884e-06,1.4667e-05,2.7718e-05,4.1575e-05,5.0965e-05,5.4271e-05,5.4937e-05,5.6145e-05,5.7054e-05,5.6386e-05,5.6258e-05,5.9906e-05,7.0755e-05,9.7641e-05,0.00016291,0.00030535,0.00058971,0.0011074,0.001921,0.0029605,0.0039907,0.0047428,0.0051329,0.0054068,0.0060714,0.0075763,0.009938,0.012639,0.014897,0.016118,0.016295,0.016176,0.01694,0.019329,0.022897,0.026379,0.028941,0.030802,0.032396,0.0333,0.032456,0.029466,0.025312,0.021643,0.019396,0.018217,0.017141,0.015536,0.013312,0.010614,0.0077287,0.0051609,0.0034202,0.002608,0.0023326,0.0020737,0.0015938,0.0010016,0.00051223,0.00022492,0.0001019,6.0429e-05,4.2679e-05,2.766e-05,1.4584e-05,6.0734e-06,1.9717e-06,4.9853e-07,9.8167e-08,1.5054e-08,0,0,0,0,0,0,0,0,0,0,0,0,0,0,0,0,0,0,0,0,0,0,0,0,0,0,0,0,0,0,0,0,0,0,0,0,0,0,0,0,0,0,0,0,0,0,0,0,0,0,0,0,0,0,0,0,0,0,0,0,0,0,0,0,0,0,0,0,0,0,0,0,0,0,0,0,0,0,0,0,0,0,0,0,0,0,0,0,0,0,0,0,0,0,0,0,0,0,0,0,0,0,0
0,0,0,0,0,0,0,0,0,0,0,0,0,0,0,0,0,0,0,0,0,0,0,0,0,0,0,0,0,0,0,0,0,0,0,0,0,0,0,0,0,0,0,0,0,0,0,0,0,0,0,0,0,0,0,0,0,0,0,0,0,0,0,0,0,0,0,0,0,1.5054e-08,9.8167e-08,4.9853e-07,1.9717e-06,6.416e-06,1.6804e-05,3.8566e-05,8.448e-05,0.00018345,0.00037343,0.00065808,0.00096092,0.0011665,0.0012392,0.0012574,0.0012945,0.0013316,0.0013348,0.0013362,0.0013681,0.0013989,0.0014149,0.0014999,0.0017499,0.0021577,0.0026289,0.0030492,0.0032894,0.0032524,0.0030307,0.0030001,0.0037054,0.0056401,0.008984,0.013252,0.017175,0.019343,0.019354,0.018265,0.017671,0.018377,0.019998,0.021609,0.022576,0.022965,0.023416,0.024481,0.025895,0.026632,0.02587,0.023776,0.021217,0.018842,0.016634,0.01432,0.011932,0.0097777,0.0079894,0.0063817,0.0047587,0.0031696,0.0018339,0.00091559,0.00040306,0.00016497,6.5751e-05,2.5141e-05,8.7304e-06,2.4703e-06,5.967e-07,1.1322e-07,1.5054e-08,0,0,0,0,0,0,0,0,0,0,0,0,0,0,0,0,0,0,0,0,0,0,0,0,0,0,0,0,0,0,0,0,0,0,0,0,0,0,0,0,0,0,0,0,0,0,0,0,0,0,0,0,0,0,0,0,0,0,0,0,0,0,0,0,0,0,0,0,0,0,0,0,0,0,0,0,0,0,0,0,0,0,0,0,0,0,0,0,0,0,0,0,0,0,0,0,0,0,0,0,0,0,0,0,0,0,0,0,0
0,0,0,0,0,0,0,0,0,0,0,0,0,0,0,0,0,0,0,0,0,0,0,0,0,0,0,0,0,0,0,0,0,0,0,0,0,0,0,0,0,0,0,0,0,0,0,0,0,0,0,0,0,0,0,0,0,0,0,0,0,0,0,0,0,0,0,1.5054e-08,9.8167e-08,8.4117e-07,4.206e-06,1.742e-05,5.9446e-05,0.00016549,0.00037149,0.00066588,0.00094689,0.0010668,0.00095975,0.00070807,0.0004566,0.00029123,0.00022608,0.0002724,0.00047102,0.00084668,0.0013409,0.0018082,0.0021077,0.0022153,0.0022365,0.0022896,0.0023758,0.0023882,0.0022717,0.0021618,0.0023517,0.0030859,0.0043362,0.005768,0.0070017,0.0079639,0.0089226,0.010182,0.011872,0.014005,0.01654,0.019428,0.022711,0.026388,0.029942,0.03226,0.032437,0.030688,0.028181,0.026012,0.024573,0.023746,0.023263,0.022672,0.021228,0.018311,0.014105,0.0096758,0.0061764,0.0040285,0.0028803,0.0021537,0.0015093,0.00091442,0.00045924,0.00018732,6.1365e-05,1.604e-05,3.2916e-06,5.3897e-07,3.0109e-08,0,0,0,0,0,0,0,0,0,0,0,0,0,0,0,0,0,0,0,0,0,0,0,0,0,0,0,0,0,0,0,0,0,0,0,0,0,0,0,0,0,0,0,0,0,0,0,0,0,0,0,0,0,0,0,0,0,0,0,0,0,0,0,0,0,0,0,0,0,0,0,0,0,0,0,0,0,0,0,0,0,0,0,0,0,0,0,0,0,0,0,0,0,0,0,0,0,0,0,0,0,0,0,0,0,0,0,0,0,0,0,0,0
0,0,0,0,0,0,0,0,0,0,0,0,0,0,0,0,0,0,0,0,0,0,0,0,0,0,0,0,0,0,0,0,0,0,0,0,0,0,0,0,0,0,0,0,0,0,0,0,0,0,0,0,0,0,0,0,0,0,0,0,0,0,0,0,0,0,0,3.4264e-07,2.2343e-06,1.1362e-05,4.4975e-05,0.00013873,0.00033357,0.00062626,0.00092041,0.0010713,0.0010307,0.00094084,0.0010344,0.0014045,0.0018626,0.002063,0.0018208,0.0012944,0.00083407,0.00070755,0.00098187,0.0015821,0.0023996,0.0033713,0.0044681,0.0055912,0.0065139,0.0069962,0.0069912,0.0067263,0.0065802,0.0068604,0.0076185,0.0086441,0.0096891,0.01071,0.011839,0.013199,0.014911,0.017224,0.020265,0.023533,0.025984,0.026815,0.026033,0.024214,0.021968,0.019732,0.017826,0.01651,0.015982,0.016172,0.01654,0.016361,0.015354,0.013785,0.011949,0.0098607,0.00754,0.005262,0.0033663,0.0019913,0.0010825,0.0005301,0.00023017,8.8517e-05,3.0398e-05,9.3349e-06,2.5107e-06,5.2864e-07,9.8167e-08,1.5054e-08,0,0,0,0,0,0,0,0,0,0,0,0,0,0,0,0,0,0,0,0,0,0,0,0,0,0,0,0,0,0,0,0,0,0,0,0,0,0,0,0,0,0,0,0,0,0,0,0,0,0,0,0,0,0,0,0,0,0,0,0,0,0,0,0,0,0,0,0,0,0,0,0,0,0,0,0,0,0,0,0,0,0,0,0,0,0,0,0,0,0,0,0,0,0,0,0,0,0,0,0,0,0,0,0,0,0,0,0,0,0,0,0
0,0,0,0,0,0,0,0,0,0,0,0,0,0,0,0,0,0,0,0,0,0,0,0,0,0,0,0,0,0,0,0,0,0,0,0,0,0,0,0,0,0,0,0,0,0,0,0,0,0,0,0,0,0,0,0,0,0,0,0,1.5054e-08,9.8167e-08,4.9853e-07,1.9717e-06,6.0734e-06,1.4569e-05,2.7219e-05,3.9619e-05,4.4975e-05,4.0117e-05,2.9289e-05,2.1141e-05,2.2614e-05,3.5294e-05,5.4868e-05,7.3191e-05,8.3166e-05,8.4243e-05,8.3311e-05,8.7731e-05,9.5778e-05,9.6879e-05,8.4652e-05,7.1408e-05,9.2188e-05,0.00020482,0.00047826,0.00095485,0.0016101,0.0023773,0.0032377,0.004247,0.0054323,0.0067161,0.0079958,0.0092137,0.010274,0.011009,0.01138,0.011618,0.012091,0.013038,0.014403,0.015802,0.01668,0.016689,0.016003,0.015194,0.014861,0.015468,0.017302,0.020125,0.022816,0.023833,0.022439,0.019397,0.016332,0.014456,0.013855,0.013745,0.013212,0.011813,0.0097113,0.0074127,0.0054211,0.0040173,0.0031891,0.002715,0.002331,0.0018703,0.0013214,0.00078809,0.00038579,0.00015209,4.764e-05,1.1787e-05,2.2493e-06,3.4264e-07,0,0,0,0,0,0,0,0,0,0,0,0,0,0,0,0,0,0,0,0,0,0,0,0,0,0,0,0,0,0,0,0,0,0,0,0,0,0,0,0,0,0,0,0,0,0,0,0,0,0,0,0,0,0,0,0,0,0,0,0,0,0,0,0,0,0,0,0,0,0,0,0,0,0,0,0,0,0,0,0,0,0,0,0,0,0,0,0,0,0,0,0,0,0,0,0,0,0,0,0,0,0,0,0,0,0,0,0,0,0,0,0
0,0,0,0,0,0,0,0,0,0,0,0,0,0,0,0,0,0,0,0,0,0,0,0,0,0,0,0,0,0,0,0,0,0,0,0,0,0,0,0,0,0,0,0,0,0,0,0,0,0,0,0,0,0,0,0,0,0,0,0,3.4264e-07,2.2343e-06,1.1347e-05,4.4877e-05,0.00013823,0.0003316,0.0006195,0.00090137,0.0010214,0.00090171,0.00062174,0.00034294,0.00018311,0.00018311,0.00034294,0.00062174,0.00090171,0.0010214,0.00090147,0.00062,0.00033391,0.00014694,7.4135e-05,0.00010181,0.0002592,0.00064789,0.0014016,0.0025693,0.0040017,0.0053905,0.0064771,0.0072208,0.0077266,0.0080861,0.0084107,0.0089384,0.0098709,0.011089,0.012208,0.012928,0.013261,0.013538,0.014267,0.015767,0.017793,0.019622,0.020551,0.020274,0.018896,0.016877,0.015017,0.014219,0.014869,0.016379,0.017506,0.017356,0.016087,0.014565,0.013418,0.012545,0.011446,0.0098004,0.0077158,0.0056167,0.0039614,0.0029631,0.0024876,0.0022039,0.0018436,0.0013472,0.00082464,0.00041309,0.00016681,5.3811e-05,1.3774e-05,2.7479e-06,4.408e-07,1.5054e-08,0,0,0,0,0,0,0,0,0,0,0,0,0,0,0,0,0,0,0,0,0,0,0,0,0,0,0,0,0,0,0,0,0,0,0,0,0,0,0,0,0,0,0,0,0,0,0,0,0,0,0,0,0,0,0,0,0,0,0,0,0,0,0,0,0,0,0,0,0,0,0,0,0,0,0,0,0,0,0,0,0,0,0,0,0,0,0,0,0,0,0,0,0,0,0,0,0,0,0,0,0,0,0,0,0,0,0,0,0,0,0,0
0,0,0,0,0,0,0,0,0,0,0,0,0,0,0,0,0,0,0,0,0,0,0,0,0,0,0,0,0,0,0,0,0,0,0,0,0,0,0,0,0,0,0,0,0,0,0,0,0,0,0,0,0,0,0,0,0,0,0,0,1.5054e-08,9.8167e-08,4.9853e-07,1.9717e-06,6.0734e-06,1.4569e-05,2.7219e-05,3.9604e-05,4.4877e-05,3.9619e-05,2.7317e-05,1.5068e-05,8.0451e-06,8.0451e-06,1.5068e-05,2.7332e-05,3.9732e-05,4.5816e-05,4.4308e-05,4.6611e-05,8.0119e-05,0.00018739,0.00040931,0.00074975,0.001167,0.0016607,0.0023745,0.0034864,0.0048927,0.0061423,0.0068741,0.0072003,0.0074508,0.0077218,0.0079609,0.0083045,0.0089845,0.0099838,0.011003,0.011714,0.011973,0.011929,0.011994,0.012534,0.013504,0.014472,0.015038,0.015128,0.014869,0.014365,0.013689,0.01296,0.01235,0.011974,0.011789,0.011668,0.011556,0.011469,0.011298,0.010761,0.0095948,0.0078028,0.0057681,0.0040716,0.0030576,0.00257,0.0021841,0.0016488,0.0010334,0.00052567,0.00021651,7.2779e-05,2.0153e-05,4.6468e-06,8.5623e-07,9.8167e-08,1.5054e-08,0,0,0,0,0,0,0,0,0,0,0,0,0,0,0,0,0,0,0,0,0,0,0,0,0,0,0,0,0,0,0,0,0,0,0,0,0,0,0,0,0,0,0,0,0,0,0,0,0,0,0,0,0,0,0,0,0,0,0,0,0,0,0,0,0,0,0,0,0,0,0,0,0,0,0,0,0,0,0,0,0,0,0,0,0,0,0,0,0,0,0,0,0,0,0,0,0,0,0,0,0,0,0,0,0,0,0,0,0,0,0,0,0
0,0,0,0,0,0,0,0,0,0,0,0,0,0,0,0,0,0,0,0,0,0,0,0,0,0,0,0,0,0,0,0,0,0,0,0,0,0,0,0,0,0,0,0,0,0,0,0,0,0,0,0,0,0,0,0,0,0,0,0,0,0,0,0,0,0,0,0,0,0,0,0,0,0,1.5054e-08,4.408e-07,3.0905e-06,1.5666e-05,6.2908e-05,0.00020024,0.00050593,0.001017,0.0016347,0.0021388,0.0024026,0.0026329,0.00329,0.0046259,0.0062924,0.0075396,0.0078842,0.0075149,0.0070104,0.0068129,0.007038,0.0076424,0.0085777,0.0097388,0.010855,0.011624,0.012063,0.012629,0.013824,0.01577,0.018208,0.020685,0.022665,0.023731,0.023855,0.023363,0.022596,0.021599,0.020082,0.017792,0.015025,0.012628,0.011295,0.010868,0.010448,0.0091876,0.0069926,0.0044842,0.0024005,0.0010851,0.00044363,0.00020065,0.00012533,9.9026e-05,8.2059e-05,6.5565e-05,4.7649e-05,2.9689e-05,1.5166e-05,6.1866e-06,1.9868e-06,4.9853e-07,9.8167e-08,1.5054e-08,0,0,0,0,0,0,0,0,0,0,0,0,0,0,0,0,0,0,0,0,0,0,0,0,0,0,0,0,0,0,0,0,0,0,0,0,0,0,0,0,0,0,0,0,0,0,0,0,0,0,0,0,0,0,0,0,0,0,0,0,0,0,0,0,0,0,0,0,0,0,0,0,0,0,0,0,0,0,0,0,0,0,0,0,0,0,0,0,0,0,0,0,0,0,0,0,0,0,0,0,0,0,0,0,0,0,0,0,0,0,0,0
0,0,0,0,0,0,0,0,0,0,0,0,0,0,0,0,0,0,0,0,0,0,0,0,0,0,0,0,0,0,0,0,0,0,0,0,0,0,0,0,0,0,0,0,0,0,0,0,0,0,0,0,0,0,0,0,0,0,0,0,0,0,0,0,0,1.5054e-08,9.8167e-08,4.9853e-07,1.9717e-06,6.0734e-06,1.4569e-05,2.7219e-05,3.9619e-05,4.4975e-05,4.0445e-05,3.144e-05,3.2445e-05,6.835e-05,0.00018161,0.00042705,0.00083571,0.0013637,0.0018886,0.0022796,0.0024752,0.0025115,0.0025298,0.0027746,0.0035142,0.0048405,0.0064952,0.0079873,0.0090527,0.0099938,0.011367,0.013328,0.015457,0.017195,0.01826,0.018772,0.019204,0.020114,0.021664,0.023382,0.02455,0.024821,0.024384,0.023547,0.022339,0.020565,0.018121,0.015213,0.012338,0.010075,0.0087867,0.0084076,0.0084328,0.0081744,0.007172,0.0054741,0.0035534,0.0019355,0.00087965,0.00034154,0.00014815,0.00016514,0.00033742,0.0006205,0.00090148,0.0010214,0.00090137,0.0006195,0.0003316,0.00013823,4.4877e-05,1.1347e-05,2.2343e-06,3.4264e-07,0,0,0,0,0,0,0,0,0,0,0,0,0,0,0,0,0,0,0,0,0,0,0,0,0,0,0,0,0,0,0,0,0,0,0,0,0,0,0,0,0,0,0,0,0,0,0,0,0,0,0,0,0,0,0,0,0,0,0,0,0,0,0,0,0,0,0,0,0,0,0,0,0,0,0,0,0,0,0,0,0,0,0,0,0,0,0,0,0,0,0,0,0,0,0,0,0,0,0,0,0,0,0,0,0,0,0,0,0,0,0,0
0,0,0,0,0,0,0,0,0,0,0,0,0,0,0,0,0,0,0,0,0,0,0,0,0,0,0,0,0,0,0,0,0,0,0,0,0,0,0,0,0,0,0,0,0,0,0,0,0,0,0,0,0,0,0,0,0,0,0,0,0,0,0,0,0,3.5769e-07,2.3324e-06,1.1845e-05,4.6848e-05,0.0001443,0.00034617,0.00064672,0.00094132,0.0010685,0.00095244,0.0006922,0.00048688,0.00048406,0.00068829,0.00096206,0.0011219,0.0010994,0.0010331,0.0011643,0.0016098,0.0022377,0.0028075,0.0032575,0.0037933,0.0046507,0.0058288,0.0070517,0.0079171,0.0081251,0.0077174,0.0071444,0.0070214,0.0077379,0.0092577,0.011243,0.013286,0.015019,0.01614,0.016457,0.015895,0.014481,0.012453,0.010337,0.0087525,0.0080652,0.0081849,0.0086324,0.0088375,0.0085294,0.0078939,0.007289,0.00681,0.0062263,0.0053332,0.0042189,0.003124,0.0021858,0.0014133,0.00080607,0.00038873,0.0001574,6.1809e-05,3.8923e-05,4.1838e-05,4.5219e-05,3.9604e-05,2.7219e-05,1.4569e-05,6.0734e-06,1.9717e-06,4.9853e-07,9.8167e-08,1.5054e-08,0,0,0,0,0,0,0,0,0,0,0,0,0,0,0,0,0,0,0,0,0,0,0,0,0,0,0,0,0,0,0,0,0,0,0,0,0,0,0,0,0,0,0,0,0,0,0,0,0,0,0,0,0,0,0,0,0,0,0,0,0,0,0,0,0,0,0,0,0,0,0,0,0,0,0,0,0,0,0,0,0,0,0,0,0,0,0,0,0,0,0,0,0,0,0,0,0,0,0,0,0,0,0,0,0,0,0,0,0,0,0,0
0,0,0,0,0,0,0,0,0,0,0,0,0,0,0,0,0,0,0,0,0,0,0,0,0,0,0,0,0,0,0,0,0,0,0,0,0,0,0,0,0,0,0,0,0,0,0,0,0,0,0,0,0,0,0,0,0,0,0,0,0,0,0,0,0,3.5769e-07,2.3324e-06,1.1845e-05,4.6848e-05,0.00014432,0.00034629,0.00064742,0.00094396,0.0010767,0.00097048,0.00071681,0.00049325,0.00042994,0.00056375,0.00085463,0.0011932,0.0014489,0.0015858,0.001711,0.0019578,0.0023576,0.0028806,0.0035513,0.004433,0.0055225,0.0067715,0.0082439,0.010137,0.012516,0.015029,0.016983,0.017823,0.017518,0.016438,0.014988,0.013434,0.011977,0.010811,0.010074,0.0097404,0.0096093,0.0094153,0.0090158,0.0084818,0.0079722,0.0075681,0.0073131,0.0073124,0.0076197,0.0080074,0.0079539,0.0070057,0.0052311,0.0032311,0.0016421,0.00070104,0.00026846,0.00010343,4.3131e-05,1.7977e-05,6.6321e-06,2.0699e-06,5.1359e-07,9.8167e-08,1.5054e-08,0,0,0,0,0,0,0,0,0,0,0,0,0,0,0,0,0,0,0,0,0,0,0,0,0,0,0,0,0,0,0,0,0,0,0,0,0,0,0,0,0,0,0,0,0,0,0,0,0,0,0,0,0,0,0,0,0,0,0,0,0,0,0,0,0,0,0,0,0,0,0,0,0,0,0,0,0,0,0,0,0,0,0,0,0,0,0,0,0,0,0,0,0,0,0,0,0,0,0,0,0,0,0,0,0,0,0,0,0,0,0,0,0,0,0,0,0,0,0,0
0,0,0,0,0,0,0,0,0,0,0,0,0,0,0,0,0,0,0,0,0,0,0,0,0,0,0,0,0,0,0,0,0,0,0,0,0,0,0,0,0,0,0,0,0,0,0,0,0,0,0,0,0,0,0,0,1.5054e-08,9.8167e-08,4.9853e-07,1.9717e-06,6.0884e-06,1.4667e-05,2.7733e-05,4.1673e-05,5.1449e-05,5.616e-05,6.061e-05,6.9256e-05,8.0239e-05,8.8093e-05,9.207e-05,0.00010348,0.00015555,0.00031861,0.00070139,0.0013813,0.0022725,0.0030973,0.0036308,0.0040055,0.0045901,0.0054671,0.0062272,0.0064415,0.006178,0.0059002,0.0059765,0.0063626,0.006664,0.0065257,0.0060756,0.0059689,0.0069066,0.0090474,0.011851,0.01445,0.016208,0.016954,0.01678,0.015815,0.014279,0.012582,0.011161,0.01022,0.0097211,0.009656,0.010132,0.011081,0.012009,0.012267,0.01162,0.010376,0.0089286,0.0074202,0.0058962,0.0044868,0.0033053,0.0023355,0.0015189,0.0008629,0.00041037,0.00015871,4.9097e-05,1.2059e-05,2.2794e-06,3.4264e-07,0,0,0,0,0,0,0,0,0,0,0,0,0,0,0,0,0,0,0,0,0,0,0,0,0,0,0,0,0,0,0,0,0,0,0,0,0,0,0,0,0,0,0,0,0,0,0,0,0,0,0,0,0,0,0,0,0,0,0,0,0,0,0,0,0,0,0,0,0,0,0,0,0,0,0,0,0,0,0,0,0,0,0,0,0,0,0,0,0,0,0,0,0,0,0,0,0,0,0,0,0,0,0,0,0,0,0,0,0,0,0,0,0,0,0,0,0,0,0,0,0,0,0,0
0,0,0,0,0,0,0,0,0,0,0,0,0,0,0,0,0,0,0,0,0,0,0,0,0,0,0,0,0,0,0,0,0,0,0,0,0,0,0,0,0,0,0,0,0,0,0,0,0,0,0,0,0,0,0,0,3.4264e-07,2.2343e-06,1.1347e-05,4.4877e-05,0.00013857,0.00033383,0.00063119,0.00094848,0.001171,0.0012778,0.0013772,0.0015649,0.0017814,0.001859,0.0016976,0.0013764,0.001104,0.001051,0.0012168,0.0014615,0.0016489,0.0017291,0.0017306,0.0017614,0.0019903,0.0025175,0.0032654,0.0040508,0.0047334,0.0052724,0.0057025,0.0060612,0.006296,0.0063085,0.0061225,0.0059253,0.0059629,0.0064582,0.0075084,0.0089432,0.010381,0.011479,0.01209,0.012257,0.012149,0.011919,0.011532,0.010791,0.009597,0.0081138,0.006603,0.0051933,0.0039386,0.0030016,0.0025985,0.0027584,0.0032328,0.0036487,0.003711,0.0033008,0.0025065,0.0015875,0.00082333,0.00034586,0.00011727,3.2123e-05,7.1352e-06,1.3121e-06,1.1322e-07,1.5054e-08,0,0,0,0,0,0,0,0,0,0,0,0,0,0,0,0,0,0,0,0,0,0,0,0,0,0,0,0,0,0,0,0,0,0,0,0,0,0,0,0,0,0,0,0,0,0,0,0,0,0,0,0,0,0,0,0,0,0,0,0,0,0,0,0,0,0,0,0,0,0,0,0,0,0,0,0,0,0,0,0,0,0,0,0,0,0,0,0,0,0,0,0,0,0,0,0,0,0,0,0,0,0,0,0,0,0,0,0,0,0,0,0,0,0,0,0,0,0,0,0,0,0,0,0
0,0,0,0,0,0,0,0,0,0,0,0,0,0,0,0,0,0,0,0,0,0,0,0,0,0,0,0,0,0,0,0,0,0,0,0,0,0,0,0,0,0,0,0,0,0,0,0,0,0,0,0,0,0,0,0,1.5054e-08,9.8167e-08,4.9853e-07,1.9717e-06,6.0884e-06,1.4698e-05,2.7929e-05,4.267e-05,5.5392e-05,6.8291e-05,8.965e-05,0.0001232,0.00015749,0.00017153,0.00015429,0.00011687,8.4028e-05,7.5181e-05,9.7087e-05,0.00015541,0.00027717,0.00051358,0.00089791,0.0013884,0.0018766,0.0022898,0.0026858,0.0031965,0.0038419,0.0044571,0.0048788,0.0051555,0.0055063,0.0061662,0.0072813,0.0087336,0.010018,0.010587,0.010461,0.010305,0.010772,0.011893,0.013093,0.013631,0.013108,0.011761,0.010307,0.0093465,0.0089026,0.0085859,0.0081031,0.0074663,0.0067811,0.0060549,0.0052859,0.0045822,0.0040727,0.0037637,0.0035335,0.0032114,0.0026713,0.001935,0.0011787,0.00059221,0.00024369,8.2164e-05,2.2819e-05,5.2736e-06,9.6945e-07,1.1322e-07,1.5054e-08,0,0,0,0,0,0,0,0,0,0,0,0,0,0,0,0,0,0,0,0,0,0,0,0,0,0,0,0,0,0,0,0,0,0,0,0,0,0,0,0,0,0,0,0,0,0,0,0,0,0,0,0,0,0,0,0,0,0,0,0,0,0,0,0,0,0,0,0,0,0,0,0,0,0,0,0,0,0,0,0,0,0,0,0,0,0,0,0,0,0,0,0,0,0,0,0,0,0,0,0,0,0,0,0,0,0,0,0,0,0,0,0,0,0,0,0,0,0,0,0,0,0,0
0,0,0,0,0,0,0,0,0,0,0,0,0,0,0,0,0,0,0,0,0,0,0,0,0,0,0,0,0,0,0,0,0,0,0,0,0,0,0,0,0,0,0,0,0,0,0,0,0,0,0,1.5054e-08,9.8167e-08,4.9853e-07,1.9717e-06,6.0734e-06,1.4569e-05,2.7219e-05,3.9619e-05,4.499e-05,4.02e-05,3.0375e-05,2.7083e-05,4.9409e-05,0.00013353,0.00034388,0.00074828,0.0013256,0.0018765,0.0021034,0.0018681,0.0013469,0.00088021,0.00070538,0.00084142,0.0011458,0.0014376,0.0016043,0.0016253,0.0015401,0.0014755,0.0017033,0.0025395,0.0040505,0.0058186,0.0070836,0.0072505,0.006319,0.0048408,0.0035278,0.0029006,0.0031324,0.00407,0.0054213,0.0070058,0.0088162,0.010852,0.012951,0.014745,0.015739,0.015577,0.01438,0.012742,0.011287,0.010265,0.0095496,0.0088564,0.0078918,0.0064955,0.004837,0.0033595,0.0024087,0.0020177,0.0020801,0.0025333,0.0032359,0.0038147,0.0038474,0.0032179,0.0022076,0.0012361,0.00056206,0.0002064,6.0805e-05,1.4281e-05,2.5769e-06,3.4264e-07,0,0,0,0,0,0,0,0,0,0,0,0,0,0,0,0,0,0,0,0,0,0,0,0,0,0,0,0,0,0,0,0,0,0,0,0,0,0,0,0,0,0,0,0,0,0,0,0,0,0,0,0,0,0,0,0,0,0,0,0,0,0,0,0,0,0,0,0,0,0,0,0,0,0,0,0,0,0,0,0,0,0,0,0,0,0,0,0,0,0,0,0,0,0,0,0,0,0,0,0,0,0,0,0,0,0,0,0,0,0,0,0,0,0,0,0,0,0,0,0,0,0,0
0,0,0,0,0,0,0,0,0,0,0,0,0,0,0,0,0,0,0,0,0,0,0,0,0,0,0,0,0,0,0,0,0,0,0,0,0,0,0,0,0,0,0,0,0,0,0,0,0,0,0,3.4264e-07,2.2343e-06,1.1347e-05,4.4877e-05,0.00013823,0.0003316,0.0006195,0.00090171,0.001024,0.00091497,0.00067585,0.0005154,0.00061102,0.0010063,0.0015612,0.0019931,0.0020644,0.001795,0.0014594,0.0013429,0.0015136,0.0018131,0.0020316,0.0020752,0.0019859,0.0018317,0.0016275,0.0014013,0.0013081,0.0015918,0.0023662,0.0034216,0.0043056,0.0046626,0.0045164,0.0042626,0.0044578,0.0054943,0.0072194,0.0088384,0.0094468,0.0088369,0.0076871,0.0068801,0.006776,0.0072074,0.0079469,0.0089086,0.0099486,0.010797,0.011342,0.011723,0.01193,0.011581,0.010358,0.0084988,0.0066117,0.0051192,0.0040358,0.0031963,0.0024893,0.0018694,0.001314,0.00084264,0.00050501,0.00031145,0.00021319,0.00015126,9.8392e-05,5.4308e-05,2.4586e-05,9.0422e-06,2.6666e-06,6.2681e-07,1.1322e-07,1.5054e-08,0,0,0,0,0,0,0,0,0,0,0,0,0,0,0,0,0,0,0,0,0,0,0,0,0,0,0,0,0,0,0,0,0,0,0,0,0,0,0,0,0,0,0,0,0,0,0,0,0,0,0,0,0,0,0,0,0,0,0,0,0,0,0,0,0,0,0,0,0,0,0,0,0,0,0,0,0,0,0,0,0,0,0,0,0,0,0,0,0,0,0,0,0,0,0,0,0,0,0,0,0,0,0,0,0,0,0,0,0,0,0,0,0,0,0,0,0,0,0,0,0,0,0
0,0,0,0,0,0,0,0,0,0,0,0,0,0,0,0,0,0,0,0,0,0,0,0,0,0,0,0,0,0,0,0,0,0,0,0,0,0,0,0,0,0,0,0,0,0,0,0,0,0,0,1.5054e-08,9.8167e-08,4.9853e-07,1.9717e-06,6.0734e-06,1.4569e-05,2.7219e-05,3.9619e-05,4.5005e-05,4.0641e-05,3.2422e-05,3.5948e-05,7.7779e-05,0.00019719,0.0004288,0.00075308,0.0010577,0.0011936,0.0011135,0.00094061,0.00086965,0.0010049,0.0013018,0.001661,0.0020526,0.002512,0.003017,0.0034276,0.0035666,0.0033592,0.0029329,0.0025831,0.0025839,0.0030308,0.0038541,0.0048786,0.0058258,0.0064155,0.0066192,0.0067293,0.0069997,0.0072762,0.0072267,0.0069211,0.0069117,0.0076452,0.0089676,0.010257,0.010901,0.010668,0.0097983,0.0087425,0.0077089,0.006531,0.005032,0.0033777,0.0019707,0.0011037,0.00080062,0.0008856,0.0010956,0.0011808,0.0010263,0.00070497,0.00038047,0.00016104,5.345e-05,1.3915e-05,2.846e-06,4.5586e-07,1.5054e-08,0,0,0,0,0,0,0,0,0,0,0,0,0,0,0,0,0,0,0,0,0,0,0,0,0,0,0,0,0,0,0,0,0,0,0,0,0,0,0,0,0,0,0,0,0,0,0,0,0,0,0,0,0,0,0,0,0,0,0,0,0,0,0,0,0,0,0,0,0,0,0,0,0,0,0,0,0,0,0,0,0,0,0,0,0,0,0,0,0,0,0,0,0,0,0,0,0,0,0,0,0,0,0,0,0,0,0,0,0,0,0,0,0,0,0,0,0,0,0,0,0,0,0,0,0,0,0,0
0,0,0,0,0,0,0,0,0,0,0,0,0,0,0,0,0,0,0,0,0,0,0,0,0,0,0,0,0,0,0,0,0,0,0,0,0,0,0,0,0,0,0,0,0,0,0,0,0,1.5054e-08,9.8167e-08,4.9853e-07,1.9717e-06,6.0734e-06,1.4569e-05,2.7219e-05,3.9604e-05,4.4877e-05,3.9619e-05,2.766e-05,1.7317e-05,1.949e-05,5.3778e-05,0.00015794,0.00037941,0.00073412,0.001174,0.00163,0.0020905,0.0025679,0.0029588,0.0030363,0.00266,0.0019559,0.0012375,0.00078226,0.00071794,0.0010607,0.0017493,0.0026185,0.0034387,0.0040633,0.0045051,0.0048364,0.0050722,0.0051675,0.0050714,0.0047774,0.0043855,0.0041287,0.0042836,0.0049719,0.0060175,0.0070459,0.0077881,0.0082807,0.0087659,0.0094619,0.010374,0.011171,0.011274,0.010276,0.0083521,0.0061713,0.0043575,0.0030965,0.0022331,0.0016098,0.0012379,0.0011926,0.0014283,0.0017345,0.0018614,0.0016832,0.0012606,0.00077232,0.00038255,0.00015155,4.7609e-05,1.1787e-05,2.2493e-06,3.4264e-07,0,0,0,0,0,0,0,0,0,0,0,0,0,0,0,0,0,0,0,0,0,0,0,0,0,0,0,0,0,0,0,0,0,0,0,0,0,0,0,0,0,0,0,0,0,0,0,0,0,0,0,0,0,0,0,0,0,0,0,0,0,0,0,0,0,0,0,0,0,0,0,0,0,0,0,0,0,0,0,0,0,0,0,0,0,0,0,0,0,0,0,0,0,0,0,0,0,0,0,0,0,0,0,0,0,0,0,0,0,0,0,0,0,0,0,0,0,0,0,0,0,0,0,0,0,0,0,0
0,0,0,0,0,0,0,0,0,0,0,0,0,0,0,0,0,0,0,0,0,0,0,0,0,0,0,0,0,0,0,0,0,0,0,0,0,0,0,0,0,0,1.5054e-08,9.8167e-08,4.9853e-07,1.9717e-06,6.0734e-06,1.4569e-05,2.7219e-05,3.9946e-05,4.7111e-05,5.095e-05,7.2096e-05,0.0001528,0.00033767,0.00062147,0.00090187,0.0010215,0.00090173,0.00062175,0.00034304,0.00018361,0.00018544,0.00035136,0.00064827,0.00097638,0.0012078,0.0013005,0.0013269,0.0013447,0.001302,0.0011424,0.00096028,0.00098356,0.001398,0.0021825,0.0030757,0.0037059,0.0038227,0.0034691,0.0029622,0.0026744,0.002775,0.0031555,0.0036,0.0039768,0.0042486,0.0044198,0.0045986,0.0050503,0.0060241,0.0074544,0.0088758,0.0097133,0.0097366,0.0092647,0.0089101,0.0090525,0.0094554,0.0093987,0.0083277,0.0064196,0.0044293,0.0030071,0.0022738,0.0019738,0.0018094,0.0015917,0.001259,0.00086657,0.00052428,0.00030068,0.00018797,0.00013738,0.00010576,7.4334e-05,4.3972e-05,2.1171e-05,8.1433e-06,2.4853e-06,5.967e-07,1.1322e-07,1.5054e-08,0,0,0,0,0,0,0,0,0,0,0,0,0,0,0,0,0,0,0,0,0,0,0,0,0,0,0,0,0,0,0,0,0,0,0,0,0,0,0,0,0,0,0,0,0,0,0,0,0,0,0,0,0,0,0,0,0,0,0,0,0,0,0,0,0,0,0,0,0,0,0,0,0,0,0,0,0,0,0,0,0,0,0,0,0,0,0,0,0,0,0,0,0,0,0,0,0,0,0,0,0,0,0,0,0,0,0,0,0,0,0,0,0,0,0,0,0,0,0,0,0,0,0,0,0,0,0
0,0,0,0,0,0,0,0,0,0,0,0,0,0,0,0,0,0,0,0,0,0,0,0,0,0,0,0,0,0,0,0,0,0,0,0,0,0,0,0,0,0,3.4264e-07,2.2343e-06,1.1347e-05,4.4877e-05,0.00013823,0.0003316,0.0006195,0.00090139,0.0010215,0.00090187,0.00062147,0.00033767,0.0001528,7.2096e-05,5.095e-05,4.7111e-05,3.9991e-05,2.7514e-05,1.6065e-05,1.1989e-05,2.0222e-05,4.4403e-05,8.2752e-05,0.00012277,0.00014679,0.00014841,0.00013897,0.00013776,0.00016751,0.00027645,0.00055584,0.0011074,0.001965,0.0030399,0.0041589,0.0052051,0.0062244,0.0072809,0.0081721,0.0084872,0.00811,0.0074858,0.0072174,0.0074833,0.007922,0.0080029,0.0075077,0.0067454,0.0063228,0.0066415,0.0075593,0.008537,0.0091441,0.0094114,0.0096348,0.0099005,0.0099778,0.0096351,0.0088446,0.0076906,0.006314,0.004989,0.0040506,0.003652,0.0036738,0.0038452,0.0038619,0.0034937,0.0027594,0.0019646,0.0014365,0.0012258,0.0011229,0.00092631,0.00062431,0.00033228,0.00013823,4.4877e-05,1.1347e-05,2.2343e-06,3.4264e-07,0,0,0,0,0,0,0,0,0,0,0,0,0,0,0,0,0,0,0,0,0,0,0,0,0,0,0,0,0,0,0,0,0,0,0,0,0,0,0,0,0,0,0,0,0,0,0,0,0,0,0,0,0,0,0,0,0,0,0,0,0,0,0,0,0,0,0,0,0,0,0,0,0,0,0,0,0,0,0,0,0,0,0,0,0,0,0,0,0,0,0,0,0,0,0,0,0,0,0,0,0,0,0,0,0,0,0,0,0,0,0,0,0,0,0,0,0,0,0,0,0,0,0,0,0,0,0
0,0,0,0,0,0,0,0,0,0,0,0,0,0,0,0,0,0,0,0,0,0,0,0,0,0,0,0,0,0,0,0,0,0,0,0,0,0,0,0,0,0,1.5054e-08,9.8167e-08,4.9853e-07,1.9717e-06,6.0734e-06,1.4569e-05,2.7219e-05,3.9619e-05,4.4975e-05,4.0102e-05,2.9191e-05,2.0658e-05,2.0741e-05,2.9689e-05,4.2074e-05,5.1048e-05,5.4873e-05,5.8907e-05,7.6866e-05,0.0001407,0.00031838,0.00069316,0.0012651,0.0018542,0.0021853,0.0021435,0.0018876,0.0016542,0.0015519,0.0016316,0.0020333,0.0028959,0.0041075,0.0052273,0.0057324,0.0054339,0.0046879,0.004122,0.0040891,0.0044241,0.004726,0.0047795,0.0046834,0.0046577,0.0047979,0.0050432,0.0053832,0.0059691,0.0068903,0.007922,0.0086563,0.0088537,0.0085686,0.0080197,0.0074125,0.0068072,0.0061086,0.005242,0.0043008,0.0034488,0.0027363,0.0020936,0.0014749,0.00092958,0.00053706,0.00031595,0.00021469,0.00016389,0.00012281,8.639e-05,6.3028e-05,5.3835e-05,4.9334e-05,4.0699e-05,2.743e-05,1.4599e-05,6.0734e-06,1.9717e-06,4.9853e-07,9.8167e-08,1.5054e-08,0,0,0,0,0,0,0,0,0,0,0,0,0,0,0,0,0,0,0,0,0,0,0,0,0,0,0,0,0,0,0,0,0,0,0,0,0,0,0,0,0,0,0,0,0,0,0,0,0,0,0,0,0,0,0,0,0,0,0,0,0,0,0,0,0,0,0,0,0,0,0,0,0,0,0,0,0,0,0,0,0,0,0,0,0,0,0,0,0,0,0,0,0,0,0,0,0,0,0,0,0,0,0,0,0,0,0,0,0,0,0,0,0,0,0,0,0,0,0,0,0,0,0,0,0,0,0
0,0,0,0,0,0,0,0,0,0,0,0,0,0,0,0,0,0,0,0,0,0,0,0,0,0,0,0,0,0,0,0,0,0,0,0,0,0,0,1.5054e-08,9.8167e-08,4.9853e-07,1.9717e-06,6.0734e-06,1.4569e-05,2.7219e-05,3.9604e-05,4.4877e-05,3.9604e-05,2.7577e-05,1.6902e-05,1.7919e-05,4.882e-05,0.00014514,0.00034851,0.00065818,0.00098635,0.0012065,0.0012787,0.0012811,0.0012763,0.0012113,0.0010118,0.00071707,0.00045161,0.00029986,0.00026376,0.000325,0.00049104,0.00075743,0.0010483,0.001255,0.0013586,0.0014645,0.0016819,0.0020345,0.0025241,0.0031906,0.0040275,0.0048805,0.0054925,0.0056815,0.0054878,0.0051073,0.0046476,0.004048,0.0033079,0.0026772,0.0025042,0.0029404,0.0038491,0.0049572,0.0060164,0.0067932,0.0069995,0.0064057,0.005086,0.0034627,0.0020307,0.001054,0.00051468,0.00026169,0.00015425,0.00010887,8.7498e-05,7.4716e-05,6.3631e-05,5.2279e-05,4.3858e-05,4.2302e-05,4.5775e-05,4.6863e-05,4.0102e-05,2.7317e-05,1.4584e-05,6.0734e-06,1.9717e-06,4.9853e-07,9.8167e-08,1.5054e-08,0,0,0,0,0,0,0,0,0,0,0,0,0,0,0,0,0,0,0,0,0,0,0,0,0,0,0,0,0,0,0,0,0,0,0,0,0,0,0,0,0,0,0,0,0,0,0,0,0,0,0,0,0,0,0,0,0,0,0,0,0,0,0,0,0,0,0,0,0,0,0,0,0,0,0,0,0,0,0,0,0,0,0,0,0,0,0,0,0,0,0,0,0,0,0,0,0,0,0,0,0,0,0,0,0,0,0,0,0,0,0,0,0,0,0,0,0,0,0,0,0,0,0,0,0,0,0,0,0,0
0,0,0,0,0,0,0,0,0,0,0,0,0,0,0,0,0,0,0,0,0,0,0,0,0,0,0,0,0,0,0,0,0,0,0,0,0,0,0,3.4264e-07,2.2343e-06,1.1347e-05,4.4877e-05,0.00013823,0.00033161,0.0006196,0.00090187,0.0010234,0.00090745,0.00063443,0.00036115,0.00018968,0.0001366,0.00019527,0.00037606,0.00066438,0.00096047,0.0011197,0.0010966,0.0010141,0.0010321,0.0011674,0.0013052,0.0013831,0.0014786,0.0016756,0.001909,0.0020026,0.0018365,0.0014555,0.0010348,0.00077469,0.00081696,0.0012164,0.0019317,0.0028017,0.0035432,0.0038527,0.0036282,0.0031108,0.0027125,0.0026526,0.0028384,0.0031418,0.0036885,0.0047145,0.0060946,0.0071756,0.0072767,0.0063725,0.0051467,0.0043558,0.0042442,0.004534,0.0048144,0.0048807,0.004749,0.0044429,0.0038897,0.0030504,0.0020658,0.0012017,0.00067178,0.00053073,0.00068105,0.00092674,0.0010689,0.0010399,0.0009511,0.0009511,0.0010396,0.0010663,0.00091272,0.00062174,0.00033194,0.00013823,4.4877e-05,1.1347e-05,2.2343e-06,3.4264e-07,0,0,0,0,0,0,0,0,0,0,0,0,0,0,0,0,0,0,0,0,0,0,0,0,0,0,0,0,0,0,0,0,0,0,0,0,0,0,0,0,0,0,0,0,0,0,0,0,0,0,0,0,0,0,0,0,0,0,0,0,0,0,0,0,0,0,0,0,0,0,0,0,0,0,0,0,0,0,0,0,0,0,0,0,0,0,0,0,0,0,0,0,0,0,0,0,0,0,0,0,0,0,0,0,0,0,0,0,0,0,0,0,0,0,0,0,0,0,0,0,0,0,0,0,0,0,0,0,0,0
0,0,0,0,0,0,0,0,0,0,0,0,0,0,0,0,0,0,0,0,0,0,0,0,0,0,0,0,0,0,0,0,0,0,0,0,0,0,0,1.5054e-08,9.8167e-08,4.9853e-07,1.9717e-06,6.0734e-06,1.4912e-05,2.9453e-05,5.095e-05,8.9753e-05,0.00017783,0.00035883,0.00063417,0.00090794,0.0010253,0.00090794,0.0006342,0.00035937,0.00018106,0.00010504,0.00010835,0.0001996,0.00041554,0.00076539,0.0011918,0.0016179,0.0020352,0.0024926,0.0029989,0.0035,0.0039308,0.0042276,0.0043489,0.0043397,0.0042726,0.0040996,0.0037151,0.0031893,0.0027887,0.0027574,0.003157,0.0038421,0.004488,0.0047274,0.0043954,0.0036835,0.003068,0.0030401,0.0037563,0.0048487,0.0056324,0.005617,0.0048548,0.0037999,0.0028891,0.0022786,0.0018967,0.0016469,0.0015056,0.0014382,0.0013294,0.0010797,0.00072603,0.00040042,0.00019501,0.00010771,8.6124e-05,8.2552e-05,7.4523e-05,6.0261e-05,4.7862e-05,4.376e-05,4.6175e-05,4.6947e-05,4.0117e-05,2.7317e-05,1.4584e-05,6.0734e-06,1.9717e-06,4.9853e-07,9.8167e-08,1.5054e-08,0,0,0,0,0,0,0,0,0,0,0,0,0,0,0,0,0,0,0,0,0,0,0,0,0,0,0,0,0,0,0,0,0,0,0,0,0,0,0,0,0,0,0,0,0,0,0,0,0,0,0,0,0,0,0,0,0,0,0,0,0,0,0,0,0,0,0,0,0,0,0,0,0,0,0,0,0,0,0,0,0,0,0,0,0,0,0,0,0,0,0,0,0,0,0,0,0,0,0,0,0,0,0,0,0,0,0,0,0,0,0,0,0,0,0,0,0,0,0,0,0,0,0,0,0,0,0,0,0,0
0,0,0,0,0,0,0,0,0,0,0,0,0,0,0,0,0,0,0,0,0,0,0,0,0,0,0,0,0,0,0,0,0,0,0,0,0,0,0,0,0,0,0,0,1.5054e-08,9.8167e-08,4.9853e-07,1.9717e-06,6.0734e-06,1.4569e-05,2.7219e-05,3.9604e-05,4.4877e-05,3.9604e-05,2.7562e-05,1.6819e-05,1.7533e-05,4.7445e-05,0.00014156,0.00034209,0.0006521,0.00099052,0.0012346,0.0013391,0.0013709,0.0013912,0.0013741,0.0013136,0.0013509,0.0016923,0.0023824,0.00319,0.0037339,0.0037453,0.0032739,0.0026833,0.0024096,0.0026356,0.0031579,0.0035766,0.0036209,0.0033037,0.0028312,0.0024324,0.0022656,0.0024057,0.0028649,0.003579,0.004388,0.0050848,0.0054812,0.0054065,0.0047443,0.0035846,0.0022782,0.0012198,0.00058014,0.00028073,0.00016446,0.00013693,0.00019369,0.00036888,0.00065528,0.00094354,0.0010669,0.00094109,0.00064674,0.00034617,0.0001443,4.6848e-05,1.1845e-05,2.3324e-06,3.5769e-07,0,0,0,0,0,0,0,0,0,0,0,0,0,0,0,0,0,0,0,0,0,0,0,0,0,0,0,0,0,0,0,0,0,0,0,0,0,0,0,0,0,0,0,0,0,0,0,0,0,0,0,0,0,0,0,0,0,0,0,0,0,0,0,0,0,0,0,0,0,0,0,0,0,0,0,0,0,0,0,0,0,0,0,0,0,0,0,0,0,0,0,0,0,0,0,0,0,0,0,0,0,0,0,0,0,0,0,0,0,0,0,0,0,0,0,0,0,0,0,0,0,0,0,0,0,0,0,0,0,0,0,0,0,0,0,0,0
0,0,0,0,0,0,0,0,0,0,0,0,0,0,0,0,0,0,0,0,0,0,0,0,0,0,0,0,0,0,0,0,0,0,0,0,0,0,0,0,0,0,0,0,0,0,0,0,0,0,0,0,0,0,3.0109e-08,2.1139e-07,1.4529e-06,6.7745e-06,2.5979e-05,8.2159e-05,0.00021381,0.00045456,0.00078215,0.00108,0.0011902,0.0010511,0.00077712,0.00058753,0.00066743,0.001063,0.0016267,0.0020561,0.00209,0.0017367,0.0012975,0.0011608,0.0015758,0.0025305,0.003741,0.0047705,0.0052566,0.0050977,0.0044665,0.0036889,0.0030743,0.0027719,0.0027475,0.0028742,0.0029999,0.0029567,0.002623,0.0020466,0.001468,0.0011723,0.0012876,0.001677,0.0020048,0.0019744,0.001562,0.0010128,0.00062025,0.00053124,0.00070344,0.00095465,0.0010689,0.00094132,0.00064672,0.00034617,0.0001443,4.6848e-05,1.1845e-05,2.3324e-06,3.5769e-07,0,0,0,0,0,0,0,0,0,0,0,0,0,0,0,0,0,0,0,0,0,0,0,0,0,0,0,0,0,0,0,0,0,0,0,0,0,0,0,0,0,0,0,0,0,0,0,0,0,0,0,0,0,0,0,0,0,0,0,0,0,0,0,0,0,0,0,0,0,0,0,0,0,0,0,0,0,0,0,0,0,0,0,0,0,0,0,0,0,0,0,0,0,0,0,0,0,0,0,0,0,0,0,0,0,0,0,0,0,0,0,0,0,0,0,0,0,0,0,0,0,0,0,0,0,0,0,0,0,0,0,0,0,0,0,0,0
0,0,0,0,0,0,0,0,0,0,0,0,0,0,0,0,0,0,0,0,0,0,0,0,0,0,0,0,0,0,0,0,0,0,0,0,0,0,0,0,0,0,0,0,0,0,0,0,0,0,0,0,0,0,3.4264e-07,2.5769e-06,1.3939e-05,5.8556e-05,0.00019495,0.00051667,0.0010954,0.001867,0.0025695,0.0028638,0.0025878,0.0018948,0.0011257,0.00055437,0.00025653,0.00016298,0.00017001,0.00020105,0.00021936,0.00023131,0.00029938,0.00055799,0.0011984,0.0023553,0.003914,0.0054296,0.0063376,0.0063195,0.0054939,0.0042867,0.0031223,0.0022044,0.0015558,0.0012013,0.0012177,0.0015851,0.0020584,0.002284,0.0021061,0.0017146,0.0014223,0.0013309,0.0012806,0.0010919,0.0007644,0.00043041,0.00019827,8.4032e-05,4.7608e-05,4.4504e-05,4.5846e-05,3.9717e-05,2.7234e-05,1.4569e-05,6.0734e-06,1.9717e-06,4.9853e-07,9.8167e-08,1.5054e-08,0,0,0,0,0,0,0,0,0,0,0,0,0,0,0,0,0,0,0,0,0,0,0,0,0,0,0,0,0,0,0,0,0,0,0,0,0,0,0,0,0,0,0,0,0,0,0,0,0,0,0,0,0,0,0,0,0,0,0,0,0,0,0,0,0,0,0,0,0,0,0,0,0,0,0,0,0,0,0,0,0,0,0,0,0,0,0,0,0,0,0,0,0,0,0,0,0,0,0,0,0,0,0,0,0,0,0,0,0,0,0,0,0,0,0,0,0,0,0,0,0,0,0,0,0,0,0,0,0,0,0,0,0,0,0,0,0
0,0,0,0,0,0,0,0,0,0,0,0,0,0,0,0,0,0,0,0,0,0,0,0,0,0,0,0,0,0,0,0,0,0,0,0,0,0,0,0,0,0,0,0,0,0,0,0,0,0,0,0,0,0,1.5054e-08,1.1322e-07,6.1176e-07,2.5684e-06,8.5437e-06,2.2614e-05,4.7862e-05,8.1392e-05,0.00011206,0.00012642,0.00012389,0.00013082,0.00020575,0.00042535,0.00084061,0.0014251,0.0020655,0.0026143,0.0029596,0.0030793,0.0030583,0.0030231,0.0030163,0.0029522,0.0027474,0.0024971,0.0024539,0.0027757,0.0033201,0.0037208,0.0036713,0.0031566,0.0024585,0.0019419,0.0018032,0.0019953,0.0023342,0.0026032,0.0026266,0.0023929,0.0020999,0.0019598,0.0019685,0.0019335,0.001691,0.001252,0.00076449,0.00037844,0.00015007,4.7209e-05,1.1704e-05,2.2343e-06,3.4264e-07,0,0,0,0,0,0,0,0,0,0,0,0,0,0,0,0,0,0,0,0,0,0,0,0,0,0,0,0,0,0,0,0,0,0,0,0,0,0,0,0,0,0,0,0,0,0,0,0,0,0,0,0,0,0,0,0,0,0,0,0,0,0,0,0,0,0,0,0,0,0,0,0,0,0,0,0,0,0,0,0,0,0,0,0,0,0,0,0,0,0,0,0,0,0,0,0,0,0,0,0,0,0,0,0,0,0,0,0,0,0,0,0,0,0,0,0,0,0,0,0,0,0,0,0,0,0,0,0,0,0,0,0,0,0,0,0,0,0,0,0,0,0,0
1.5054e-08,9.8167e-08,4.9853e-07,1.9717e-06,6.0734e-06,1.4569e-05,2.7219e-05,3.9604e-05,4.4877e-05,3.9604e-05,2.7219e-05,1.4569e-05,6.0884e-06,2.0699e-06,9.9707e-07,2.0699e-06,6.0884e-06,1.4569e-05,2.7219e-05,3.9604e-05,4.4877e-05,3.9604e-05,2.7219e-05,1.4569e-05,6.0734e-06,1.9717e-06,4.9853e-07,9.8167e-08,1.5054e-08,1.5054e-08,1.1322e-07,5.967e-07,2.4703e-06,8.0451e-06,2.0688e-05,4.2113e-05,6.8515e-05,9.1392e-05,0.00010664,0.00012269,0.00015268,0.0001944,0.00022397,0.00021772,0.0001786,0.00013408,0.00011001,0.00011304,0.00013563,0.00017004,0.00021575,0.00027614,0.00034671,0.00040641,0.00042776,0.00040138,0.00034902,0.00030922,0.00030927,0.00034994,0.00041164,0.00047134,0.00051775,0.00055647,0.00060275,0.00067272,0.00078874,0.00097929,0.0012399,0.0014865,0.00159,0.0014967,0.0012965,0.0011594,0.0012257,0.0015419,0.002026,0.002471,0.002645,0.0024514,0.0020077,0.0015665,0.0013445,0.0013896,0.0015765,0.0017334,0.0017957,0.0018173,0.0018243,0.001735,0.0014723,0.0010872,0.0007129,0.000445,0.00030055,0.00024916,0.00024408,0.00024268,0.00022399,0.00019083,0.00015313,0.00011515,7.7837e-05,4.4954e-05,2.1368e-05,8.1734e-06,2.4853e-06,5.967e-07,1.1322e-07,1.5054e-08,0,0,0,0,0,0,0,0,0,0,0,0,0,0,0,0,0,0,0,0,0,0,0,0,0,0,0,0,0,0,0,0,0,0,0,0,0,0,0,0,0,0,0,0,0,0,0,0,0,0,0,0,0,0,0,0,0,0,0,0,0,0,0,0,0,0,0,0,0,0,0,0,0,0,0,0,0,0,0,0,0,0,0,0,0,0,0,0,0,0,0,0,0,0,0,0,0,0,0,0,0,0,0,0,0,0,0,0,0,0,0,0,0,0,0,0,0,0,0,0,0,0,0,0,0,0,0,0,0,0,0,0,0,0,0,0,0,0,0,0
3.4264e-07,2.2343e-06,1.1347e-05,4.4877e-05,0.00013823,0.0003316,0.0006195,0.00090137,0.0010214,0.00090137,0.0006195,0.0003316,0.00013857,4.7111e-05,2.2693e-05,4.7111e-05,0.00013857,0.0003316,0.0006195,0.00090137,0.0010214,0.00090137,0.0006195,0.0003316,0.00013823,4.4877e-05,1.1347e-05,2.2343e-06,3.4264e-07,3.4264e-07,2.5769e-06,1.3581e-05,5.6223e-05,0.00018311,0.00047085,0.00095849,0.0015594,0.0020801,0.0024272,0.0027925,0.003475,0.0044246,0.0050975,0.0049553,0.0040649,0.0030517,0.0025039,0.0025727,0.0030869,0.0038701,0.0049104,0.0062849,0.007891,0.0092499,0.0097359,0.0091354,0.0079438,0.0070379,0.0070389,0.0079645,0.0093689,0.010728,0.011776,0.012612,0.013449,0.014244,0.01466,0.014368,0.013342,0.011966,0.010915,0.010749,0.011436,0.012401,0.013174,0.01389,0.014928,0.016119,0.016682,0.016063,0.014535,0.012821,0.011404,0.010388,0.0098131,0.0098252,0.010466,0.011366,0.011809,0.011263,0.0098044,0.0079306,0.0061156,0.0046625,0.0037794,0.0035056,0.0035848,0.0036227,0.0034344,0.0031057,0.0027268,0.0022444,0.001622,0.00097603,0.00047464,0.00018379,5.6223e-05,1.3581e-05,2.5769e-06,3.4264e-07,0,0,0,0,0,0,0,0,0,0,0,0,0,0,0,0,0,0,0,0,0,0,0,0,0,0,0,0,0,0,0,0,0,0,0,0,0,0,0,0,0,0,0,0,0,0,0,0,0,0,0,0,0,0,0,0,0,0,0,0,0,0,0,0,0,0,0,0,0,0,0,0,0,0,0,0,0,0,0,0,0,0,0,0,0,0,0,0,0,0,0,0,0,0,0,0,0,0,0,0,0,0,0,0,0,0,0,0,0,0,0,0,0,0,0,0,0,0,0,0,0,0,0,0,0,0,0,0,0,0,0,0,0,0,0,0,0,0,0,0
